title,desc,source,date
陳佩琪臉書再發文 指柯P是「政壇受虐兒」,最近受虐兒新聞不少，台北市長柯文哲妻子陳佩琪今（19）天也在臉書po文，表示「政壇也有虐兒事件」，說的是柯文哲。她說2016年初大選之後，柯P莫名其妙挨揍，民調就是這樣一路被打趴。「有人期待選後我們能大人有大量，對於過去的一切『船過水無痕』， 不這樣就是心胸狹窄，請問我們是失智了？」用字相當辛辣，文,NewTalk.tw,2019-01-19
从2012年至今 本地有11起耳念珠菌病例通报,目前正在全球散播，具抗药性也证实会致命的耳念珠菌引起全球各地密切关注。卫生部透露，从2012年至今，本地公共医院共向卫生部通报了11起孤立和偶发性耳念珠菌感染病例，其中两人过世，其余九人已康复。卫生部也说，未接获耳念珠菌感染病例在本地爆发疫情的通报。《纽约时报》早前报道，这种名为“耳念珠菌”的新型抗药性细菌席卷全球。该细菌会攻击免疫系统衰弱的病人，并在医疗机构内进行“侵入式”传播。,Zaobao,2019-04-10
科丝美诗推出微生物抗衰老化妆品,,Joins,2019-04-10
女佣对雇主不满 捏女婴抓伤男婴 判监12周,不满女雇主不让她印度尼西的家人通电话，也不满女雇主的母亲为小事骂她，24岁女佣把气发泄在14个月的龙凤胎身上，捏女婴抓伤男婴，故意弄他们嚎啕大哭，让女雇主的母亲“手忙脚乱”，殊不知自己的一举一动已被客厅的电眼拍下。来自印尼的女佣丝里（Sri Rahmawati，24岁），案发时已在雇主家工作一年，负责照顾女雇主的一对龙凤胎。,Zaobao,2019-04-10
特朗普总统签署“亚裔及太平洋岛民后裔美国人经济赋权”政令,美国总统特朗普星期一签署了“亚裔及太平洋岛民后裔美国人经济赋权”政令，以促进改善他们的生活质量、提高家庭及社区的生活水平、以及更充分地参与经济活动。,VOA,2019-05-15
想防範失智症 加強運動與避免抽菸,世界衛生組織（WHO）今天發布首份防治失智症的衛教指南，並說防範認知能力下降的首要之務就是勤運動。,芋傳媒,2019-05-15
【圖表】長照隱憂：老伴兼當看護比例急升，一天工作逾14小時,"長期照顧生活自理困難的親屬，往往會讓照顧者累積生活的壓力，這些壓力能如何紓解呢？本文以資料呈現台灣家庭長期照顧的部分面貌，以及介紹可以讓照顧者喘息的長照服務。 標籤: 長照, 老年照顧, 老人狀況, 照顧服務, 養老, 高齡化, 失智, 失能, 臨時住宿",NewsLens,2018-12-22
副總統：建構優質平價普及長照 減輕家屬負擔,副總統陳建仁今天表示，台灣人口快速老化，長照需求迫切，為了讓長照永續發展，政府致力於建構優質、平價、普及的長照體系，以減輕家屬照顧負擔。,芋傳媒,2019-06-26
中国生物科技公司花大价钱取得外国新药许可,中国生物科技公司正积极寻找可供开发和商业化的临床前阶段候选药物，去年跨境许可交易达到164笔，是5年前的两倍多。,FT,2019-06-26
环境局计划未来10年 四地段将规划为殡仪馆场地,环境局昨天（1月8日）发文告说，随着我国居民死亡的人数增加，丧礼空间的需求也会逐年提升，到了2040年，预计每年死亡的人数会达约4万人，政府因此必须提早规划发展相关设施。随着我国人口老龄化，对殡葬设施及服务的需求预料会增加，国家环境局因此计划在未来约10年将四个地段发展为新的殡仪馆场地。,Zaobao,2019-01-09
遊戲與醫界聯手投入防老 施振榮樂當白老鼠,高齡化社會，如何翻轉老化、預防失智成為當前重要的議題。台灣三大電玩遊戲軟體業者宣布與陽明大學攜手投入「遊戲防老」的醫學研究，智榮基金會董事長施振榮樂當白老鼠。,芋傳媒,2019-01-09
哪些食疗助缓解感冒症状？,感冒了，哪些食疗可助缓解症状、加速康复？余仁生中医诊所宏茂桥与三巴旺高级中医师黄春祥和余仁生新加坡合格草药师洪徕财建议：■薏米绿豆汤 清热祛暑 作用：绿豆和薏米有清热祛暑的功效。薏苡仁（中国薏米）味甘淡，性凉，具有利水渗透湿、健脾止泻的功效。一周食用2至3次可除体内湿热，也有助于促进消化功能。,Zaobao,2019-01-09
英富豪天生不育 却“生”3儿子,英国一名富豪和妻子离婚后，发现自己原来天生遗传一种疾病，根本不可能生育，但他和前妻的婚姻期间却生下了3名儿子，而且均已成年。他的前妻承认当年曾和他人通奸，但却否认儿子是他人的。这名男子告上法庭，法院判前妻需向他赔偿25万英镑（约43万新元）的欺骗补偿。现年55岁商人梅森和54岁女子凯特2006年离婚，当时他们育有3名儿子，大儿子今年已21岁，另外一对双胞胎现在已19岁。梅森在2016年一次医疗检查时，发现他患有囊性纤维化遗传病，天生不可能生育。,Zaobao,2019-01-09
母怀孕晕倒 4岁儿用siri叫救伤车,“喂，Siri，召救护车。”英国威尔斯一名29岁孕妇奥斯汀早前在家中因为药物副作用而不适晕倒，其4岁稚子不但未有惊慌失措，更懂得以手机内置的人工智能召来救护车，令母亲及时获救。男童的机警行为受到盛赞，获当地救伤队颁发奖状嘉许。,Zaobao,2018-12-18
研究：巴西猪肉存在抗生素抗药性细菌,一项研究显示，巴西零售商所供应的猪肉产品含有对抗生素产生抗药性的细菌，这是对食用牲畜过度使用药物的潜在证据。“世界动物保护协会”（WAP）资助的这项研究报告由圣保罗大学进行。除了巴西，他们也对另外三个国家的猪肉进行检测。在家乐福、GPA超市、沃尔玛取得的100份猪肉样品中，他们发现，“所有样品都广泛存在抗生素抗药性细菌。”,Zaobao,2018-12-18
关节炎治疗药物Invossa被吊销许可应成为韩生物产业契机,,Joins,2019-05-30
一臉自信說著別人聽不懂的話：中風造成的「流利型失語症」是怎麼回事？,"失語症的聽力並沒有受損，有問題的地方在於把聽到的語音變成能夠理解的概念。而說話也是，並不是患者忘記了那些詞彙的概念，而是轉化成語言的過程受損了。這是與失智症非常大的不同。語音和語詞的理解或提取路徑的障礙，這些是語言治療師要重新訓練患者的地方。 標籤: 失語症, 中風, 語言治療師, 流利型失語症",NewsLens,2019-05-30
《我決定好好活到死》：當畢生研究大腦的神經科學家，被診斷出「思覺失調症」,"雖然我們還是不太清楚，我的大腦當時究竟出了什麼狀況，這一切又是從何而起，但是這段大腦失控的歲月，無疑給了我一個寶貴的機會，親身體悟大腦結構與「人類心智」之間令人屏息的奧祕。 標籤: 我決定好好活到死, 一位腦科學家對抗大腦病變的奇蹟之旅, Barbara K. Lipska, Elaine McArdle, 思覺失調症, 黑色素瘤, 精神疾病, 神經科學, 腦瘤, 人類心智, 失智症",NewsLens,2019-05-30
《想想論壇》邁入超高齡社會 安倍政府推動老年就業給台灣的啟示,全球老齡化嚴重。台灣在 2018 年，高齡人口（65 歲以上人口）比例已超過 14%，正式邁入高齡（aged）社會。依據國發會推估，台灣將在 2026 年邁入「超高齡社會（super-aged，高齡人口比例超過 20%）」。老化速度，甚至遠快於日本。,芋傳媒,2019-06-29
美参议院通过7500亿美元国防政策法案 对抗中国全球影响力,"美国参议院本周四通过一项7,500亿美元的国防政策法案，其中包括从技术转让到合成鸦片类药物销售等的一系列针对中国的条款，以对抗中国日益增长的全球影响力。   这部长达973页的国防授权法案(NDAA)以86对8票获得通过。法案",RFA,2019-06-29
國研院長照結合AI論壇 智慧照護機器人討論度高,人口老化使得長照議題越來越受重視，國研院人工智慧產學研聯盟結合成大、中山舉辦長照趨勢論壇，智慧照護及智慧機器人受到關注，可望帶動南台灣智慧長照發展趨勢。,芋傳媒,2019-06-29
走訪新竹市巷弄長照站，長照2.0落實了「在地老化」這個核心價值嗎？,"自2017年以來，政府推動長照2.0已邁向第三年，長照C站的營運狀況目前如何呢？從居住在竹市的年輕族群觀點出發，除了描繪現行長照C站的問題並嘗試提出建議之外，我們也在最後提出對於老年生活的美好想像。 標籤: 高齡化, 長照2.0, 巷弄長照站, 初級預防, 臨托中心, 衛生所, 在地老化, 菩提長青村, 長照資源",NewsLens,2019-06-29
那霸的“厨房”牧志公设市场 于临时店铺中开始营业：朝日新聞中文网,位于冲绳县那霸市的第一牧志公设市场，因老化正在进行改建施工。1日上午，该市场在转入临时店铺后已开始营业。新市场将于2022年度(2022年4月至2023年3月)开业，在此之前，将于临时组装的2层建筑临时店铺中营业。,Asahi,2019-07-03
低端人口驅離後北京人統計一少二老,根據一份今天發布的北京人口藍皮書，北京處於超低生育率水準，並有人口老化加劇、二人戶家庭是主流及人口總數下降等人口發展趨勢。調查也發現北京市外來人口、戶籍人口呈雙降。,RFI.fr,2018-12-10
智能技术为老旧的基础设施带来新生命,极端天气和海平面上升正在给自然界和我们用来管理废水的基础设施带来压力。重建老化的基础设施是昂贵的，因此国家科学基金会的研究正在教授旧基础设施处理新问题的新技巧。,VOA,2019-05-23
全台首間貓犬醫療室 助流浪動物救治,公立動物收容所零安樂死上路後，動物量及老化疾病問題增加。中興大學獸醫院，利用教育部的經費，成立全台第一間提供流浪貓犬的專用醫療室。...,PTS.org.tw,2019-05-23
美国校园枪击案幸存者在20年后自杀身亡,一名20年前科罗拉多州科伦拜中学校园枪击事件的幸存者自杀身亡。对奥斯丁·尤班克斯的尸检报告正在进行，在20年前经历枪击事件并且亲眼目睹自己的好朋友被杀后他一直在与阿片类药物成瘾斗争。,VOA,2019-05-23
攬才先解決居住問題 台大貸款16億於校外土地興建240戶教師宿舍,台大校長管中閔上任後，力拼留才、攬才。台灣大學今日宣布，為解決教職員宿舍不足、影響人才任教意願問題，將貸款16億經費，於14處校外土地興建240戶宿舍，以提昇教職員居住品質、增加人才到校任教意願。台灣大學今日發布新聞稿指出，面臨師資老化趨勢，年輕教師比率偏低，人才問題迫在眉睫，校,風傳媒,2019-04-17
跟著課程一起變老：淺談社區大學作為在地安老的一種設計,"在國家因應高齡化社會挹注長照、社福、教育資源，試圖開創發展「新」的「活躍老化」、「青銀共創」的社會參與模式之際，本文透過本人在社大的參與觀察與社會實踐，探索在地經營甚久的「老」社大作為在地老化「巷弄站」、「柑仔店」的可能性。 標籤: 高齡化, 人口老化, 安養照顧, 情境老化, 終身學習, 在地安老, 老年文化, 文化照顧",NewsLens,2019-04-17
六岁女吃面误吞蛋壳 食道被划伤,小蛋壳，险夺命！辽宁沈阳一名6岁何姓女童，星期四（10日）在家吃鸡蛋面时，不慎将一块蛋壳吞下，结果卡在食道中。医生检查时，发现蛋壳卡在大动脉上方，且食道已被划伤，情况十分危险，幸医生最终亦成功取出蛋壳，女孩已脱离危险。何父忆述，女儿当时吃完面条后，即觉得喉咙疼痛，他便带女儿求医。主诊医生表示，他为女孩检查时，发现女孩的食道已被严重划伤，蛋壳更不断扎向大动脉，两者仅隔了一层食道粘膜。由于蛋壳十分坚强，医生需要把蛋壳用钳子碎成4块，才逐一取出。目前，女孩已逐步康复。,Zaobao,2019-01-13
加拿大大開移民之門 三年內擬收百萬新移民,當反移民浪潮席捲西方國家之際，加拿大反其道而行.因應人口老化、生育率低迷，加拿大有意大開移民之門，未來三年讓逾百萬名外籍人士獲得永久居留權。,TWNews,2019-01-13
多次同时进出医院 两亲家公同天逝世,病重的父亲和岳父数月来多次同时进出医院，儿子媳妇两头奔波照顾亲人，如今两个亲家公同年同月同日过世，让儿子媳妇一夜间痛失两至亲。陈忠和（47岁）的父亲陈亚吉（82岁，环保业），与妻子林秀香（48岁，家庭主妇）的父亲林容（80岁，退休罗厘司机）分别在20日早上9时和晚上11时相继过世。,Zaobao,2019-01-24
更多急诊医院与社区医院合作 无须再“转来转去” 病患可在同个地方复健,樟宜综合医院内的康复综合院设有次急诊病房，由院方的专科医生辅助圣安德烈社区医院的团队。需要全面而较慢速治疗的病患，无需先进入樟宜综合医院才转介到次急诊病房，避免被“转来转去”的麻烦。本地有越来越多急诊医院和社区医院改变作业方式，以病人需求为本，让病患尽可能在同个地方就医；若有必要在急诊医院、次急诊病房或社区医院之间转介，不同医院的医生和护士等医疗团队也会相互合作。,Zaobao,2019-02-11
佘達明：從醫療系統角度看，香港公立醫院壓力爆煲，誰該負責？,過去20年，香港醫療的壓力點基本上在急症室、兒科、內科及老人科。隨着人口的老化，壓力點的壓力只會有增無減。,Initium,2019-02-11
患癌女孩圆警察梦 非凡笑容对抗病魔,美国得克萨斯州一名6岁女病童上周四梦想成真，成为当地的终身荣誉警察。警长鼓励小女孩称，她非凡的笑容将会继续对抗她体内的“坏分子”。 阿里亚丝一尝坐警车、握佩枪的滋味。（互联网） 来自弗里波特市的阿里亚丝一直梦想能成为警察，但她罹患一种名为肾母细胞瘤的儿童癌症，即使已接受化疗及放射治疗，仍无法康复。所幸，阿里亚丝在去年圣诞参与当地警署的庆祝活动时，认识了警长加里维。当加里维得知阿里亚丝的故事后，决心要替她圆梦。,Zaobao,2019-02-11
你的生活方式，正影響著未來的「失智症」罹病風險,"過去的研究大部分都集中研究個體因素（如飲食或身體活動）會如何影響罹患失智症的風險，但是這篇研究透過證明這些因素可能具有累加效應，而提出這項認知：人們從事有助益的活動越多，罹病風險可能就越低。 標籤: 失智症, 阿茲海默症, 遺傳, 生活習慣",NewsLens,2019-08-08
社论：内平外成三十年,日本明仁天皇于4月30日正式退位，结束了30年的平成年代；皇太子德仁隔日登基，开启了新的令和时代。平成30年见证了日本、东亚和世界的重大变化，冷战结束、中国崛起、恐怖主义肆虐、贸易保护主义和民粹主义勃兴；日本国内因泡沫经济破裂，陷入了长期的停滞状态，国民一度丧失了自信，生育率急剧下降导致人口萎缩老化。承平日久，日本人或许必须在令和新时代找回奋斗的意义。,Zaobao,2019-05-02
研究發現新型失智症 過去常誤診為阿茲海默症,最新研究發現，數以百萬計高齡長者可能是罹患一種新型失智症，而被誤診為阿茲海默症。專家表示，這可能是過去 5 年來最重大的失智症研究發現，有助於找出治療方式。,芋傳媒,2019-05-02
喝热汤可致食道癌？,国外媒体报道，一名男子抽烟长达30年，爱喝热汤，某天发现吃饭总卡喉咙、吞咽困难，就医后发现罹患食道癌。大家都应知道抽烟会增加患癌风险，但喝热汤竟然也是风险因素之一？且听本地肿瘤专科医生解析和建议。新加坡医疗集团癌症中心医务总监兼肿瘤内科顾问医生黄醒荣接受《活得好》访问时说，世界卫生组织属下单位世卫组织国际癌症研究署（IARC）在2016年6月已发出文告，把喝热饮列为很可能导致食道癌的因素。,Zaobao,2019-05-02
洪士奇觀點：「活躍銀髮」更該是我們努力的方向,報載台南市樂活歸仁日照中心，因為讓長輩幫忙包裝養生茶，招批評為照顧模式失當，台南社會局要求限期改善一事，網路上支持與反對者各有說法。筆者協力失智銀髮族照顧相關多年，深知銀髮照護的核心是長者與照顧長者的家屬，如何「活躍銀髮」才更該是在討論該事件前應先探討的認知。目前台北市政府已然將,風傳媒,2019-04-07
邻居被索百元修天花板 老汉图揭欺骗行为遭拳打,中年汉上门一句“明天会上门修天花板”，开口就要收100元定金，七旬大叔建议独居老邻居先问儿子和建屋发展局再做决定，结果惹来中年汉一阵怒骂，还朝大叔脸上吐口水并挥拳打他！这起事件发生在上周五（3月22日）晚上8时30分左右，地点在大巴窑。屋主刘中墨（72岁，退休）告诉《联合晚报》，事发时他住家木门敞开，他与93岁失智老母在客厅看电视节目，一名年约40岁的华族壮汉站在门外，劈头就说“我明天会上门修天花板”。,Zaobao,2019-03-26
藍弋丰觀點：人口房屋皆老化─小心！台灣房市灰犀牛蠢蠢欲動,台灣房地產市場過去曾經歷「一放就亂，一管就死」的循環，也曾一路狂飆，成為社會問題的來源，居住正義到底何時實現？當前，面對各項人口及經濟議題時，相關單位若能以更嚴謹的規劃及配套措施，解決房市問題，才能真正造福民眾，享有安居樂業的生活。房地產一向是台灣人的重要理財項目，一般人更認為具,風傳媒,2019-07-08
這會是明日台灣嗎？人口快速減少與老化，高度仰賴外國移民支撐的日本國,10年前我住在日本鄉村時，很少遇到外國人。甚至在東京，當地人有時也會向我這個身材高大的美國白人投來訝異的目光。但上個月再去日本，變化之大令我震驚。酒店、購物中心和咖啡館，似乎至少都會有一名工作人員是外來移民。一些在前台、電子遊戲廳工作的年輕人，胸前的名牌寫著非日本名字。金澤是東京,風傳媒,2018-12-27
風評：「拔管」峰廻報廢三位部長，看民進黨的權力失智症,十二月廿五日，全台灣新科縣市長宣誓就職，台灣翻了新頁，民進黨蔡政府却焦頭爛額地糾結於台大校長人事案，前一天「勉予同意」核定聘任管中閔為新任台大校長的教育部長葉俊榮，在民進黨一夜崩潰後，遞出辭呈，並即刻由「請辭中」的行政院長賴清德「勉予同意」簽准，結束他一百六十三天的任期。這是蔡政,風傳媒,2018-12-27
美政府下令对移民儿童加强医疗检查,美国海关和边境保护局（CBP）下令在照顾10岁以下儿童时做一些改变。此前，一名8岁的危地马拉男童在美国被拘留期间死亡。,VOA,2018-12-27
颈椎伤患未愈 古天乐又再受伤,古天乐（古仔）、方中信、李璨琛合演古装电影《武林怪兽》，日前联同有份声演的卢海鹏和西瓜，出席首映礼。古仔表示最近赶拍新戏，有飞车和枪战戏分，圣诞和除夕也没有假期，加上近日天雨影响拍摄进度，暗示难腾出时间出席1月1日的叱吒颁奖礼。早前曾接受颈椎手术，尚未完全康复，古仔又爆再度受伤：“一个多星期前又跌倒撞伤，问过医生，他再重新讲一次，叫我不能做任何运动，奈何要工作没办法。”,Zaobao,2018-12-27
《媽媽，對不起》：面對滿口「不要不要」的失智母親，實在難以保持冷靜,"到了這時，我已經漸漸發現母親的抗拒是出於不願意改變生活習慣的心理。不論是讓她去日間照顧中心，還是使用漏尿墊和復健褲，改變過去熟悉的生活，都讓她痛苦萬分。但即使理智明白，感情也不是這麼一回事。面對滿口「不要不要」的母親，實在是難以保持冷靜。  標籤: 復健褲, 失智症, 松浦晋也, 媽媽，對不起, 長照, 照護, 失禁, 成人紙尿布",NewsLens,2018-12-13
玩數獨、填字遊戲能抗老化嗎？研究：解謎無助對抗老年心智退化,你有想過要藉著玩數獨、填字遊戲等益智遊戲來對抗心智退化嗎？這份研究恐怕要讓你失望了。英國一份科學研究發現，經常執行解謎活動等心智活動，對於晚年防止心智退化沒有任何影響。老年心智用進廢退？逾15年研究挑戰觀念人活到了晚年，心智「用進廢退」（useitorloseit）的概念常獲各界,風傳媒,2018-12-13
研究：白天伤口愈合快的秘密所在,医务人员可以结合人体的这种能力，研制出新的药物，也可以通过改变用药时间，增加疗效。,BBC,2018-12-13
《媽媽，對不起》：無止境的照護壓力，讓我終於對失智母親動手了,"自我崩壞時，一定都有前兆。  這次的前兆，是呈現為「要是可以把在眼前搗亂的母親痛揍一頓，一定會很爽」的念頭。我的理性清楚這是絕對不可以做的事......然而儘管理性這麼想，腦中的幻想卻無法遏止地擴大。  標籤: 媽媽，對不起, 松浦晋也, 長照, 阿茲海默症, 失智症",NewsLens,2018-12-13
史上頭一遭 G20為人口老化危機費思量,不斷膨脹的醫療成本、勞動力短缺和老人金融服務，今天（9 日）在日本福岡的會議中，全球主要國家的政策制定者，正首度著手解決與人口老齡化和出生率下降有關的經濟問題。,芋傳媒,2019-06-10
G20首度商討人口老化衝擊 憂心演變為全球危機,20 國集團（G20）的財金首長今天於日本集會，首次商討如何因應與人口老化和出生率下降有關的經濟問題，像是醫療保健支出激增、勞動力短缺及專為長者設計的金融服務等。,芋傳媒,2019-06-10
G20：老龄化问题可能成全球危机,在日本福冈刚刚闭幕的G20财长和央行行长会议上，与会各国财长首次重点商议了人口老龄化和出生率下降可能给各国带来的挑战。据台湾中央社报道，日本副首相兼财政大臣麻生太郎在会议上警告说，老龄化已经成为日本主要�,RFA,2019-06-10
從貿易戰到網企稅 G20財長會議聲明5大重點,為期 2 天的 20 國集團（G 20 ）財政部長及中央銀行總裁會議今天在日本福岡落幕，會中提及貿易緊張「加劇」可能對全球經濟帶來負面風險，並首度討論人口迅速老化對經濟的衝擊。,芋傳媒,2019-06-10
调查：不知如何正确处理 逾七成受访者把剩药丢进垃圾桶,国立癌症中心的调查显示，75.4％受访者会把吃剩药物丢进垃圾桶；小部分则选择丢进洗手盆或马桶冲掉。85.7％受访者表示不清楚处理剩余药物的正确方法。一项本地调查显示，看护者和病患不知道处理吃剩药物的正确方法，超过七成选择丢进垃圾桶，一些人把剩余药物丢进洗手盆或用马桶冲掉。,Zaobao,2019-03-19
为父雇佣问题一箩筐 男子申诉：女佣当过夜总会歌星,为雇女佣照顾七旬中风父，男子接连请到4名问题女佣，其中一个还当过夜总会歌星，工作三个月后落跑。蔡福顺（38岁，保安员）告诉记者，他和父母、太太及女儿住在武吉班让一带的组屋。由于75岁的父亲中风，家人都有工作，因此请来女佣照顾父亲。岂料，过去四年来，女佣都出状况。包包里竟藏水果刀 蔡福顺受访时说，第一个女佣工作不到四个月，包包里却出现水果刀，还有剃须刀以及男人的日用品。第二名女佣工作大约一年后，擅自买机票，出发前三天才表示要回家探访动手术的母亲。,Zaobao,2019-03-19
交流站：跳蚤市场带动旧组屋区人气,住在淡滨尼的居民都知道，淡滨尼11街有个已有30多年历史的圆巴刹。圆巴刹一边是湿巴刹，另一边是小贩中心。早期淡滨尼还未完全发展时，圆巴刹成了居民买菜和解决三餐的地方。今天，淡滨尼住宅区设施完善，还有一个生气勃勃的区域中心。由于圆巴刹附近的组屋区老化，有些公寓集体出售，居民搬迁到别处，圆巴刹的人流量减少，平日人潮不多，只有星期天例外。,Zaobao,2019-03-19
女经纪医美疗程出事 卫生部派人诊所调查 带走数十瓶药物,女房地产经纪进行医美疗程时，身体出现状况送院，昏迷五天后不幸过世，家人报警及向卫生部反映，卫生部今早也派人到美容诊所进行调查。《联合晚报》连日追踪报道，32岁的女房地产经纪刘丽婷本月8日到一家美容诊所进行医美疗程时，不知何故出现状况送院，靠生命维持器活命，昏迷五天后过世。她是家中的老大，与父母、两个妹妹及一个弟弟同住。,Zaobao,2019-03-19
达赖喇嘛恢复良好 或在周五出院,日前因身体不适而入院治疗的西藏精神领袖达赖喇嘛“恢复良好”，可能会在本周五出院。  法新社11日的报道引述达赖喇嘛的发言人表示，达赖喇嘛基本已康复，可以进行简单运动，但会继续吃药。  达赖喇嘛星期二因轻微咳�,RFA,2019-04-13
达赖喇嘛在新德里一家医院治疗肺部感染后基本康复周五出院,西藏流亡精神领袖达赖喇嘛在经过几天住院治疗后星期五上午从新德里一家医院出院。达赖喇嘛对等候在医院的媒体表示他感到正常，几乎正常。,VOA,2019-04-13
为就近照顾女儿 买露营车停校外,据浙江《钱江晚报》报道，温州第二外国语学校校门口对面的停车场，这学期每周一至五都固定停着一辆露营车。车主是温州市永嘉县一名朱姓男子，为就近照顾在那就读小学的女儿欣欣，特意花50多万元人民币（约10多万新元）买露营车，让妻子和母亲轮流伴读。报道称，这辆露营车内部空间不大，却五脏俱全，有厨房、浴室、客厅、睡床，以及冰箱和洗衣机等家电。,Zaobao,2019-04-13
全球幸福报告 芬兰蝉联榜首 我国排34,全球幸福报告20日出炉，芬兰蝉联全球最幸福国家。中国通讯社引述俄罗斯卫星网的报道说，全球幸福报告（World Happiness Report）对156个国家进行了评估，考虑了预期寿命、社会支持、腐败等指标。报告应联合国要求编制，于2012年首次发布。除芬兰外，丹麦、挪威、冰岛、荷兰、瑞士、瑞典、新西兰、加拿大和奥地利也跻身榜单前十，美国（第19名）、德国（16）、英国（17）和法国（24）则没有进入前十。,Zaobao,2019-03-21
T.O.P社会服役期间被曝获病假特别照顾引争议,,Joins,2019-03-21
民團檢討準公托 憂保母面臨人力斷層,準公共化托育政策實施滿一年，民間團體發現台灣保母有人力老化趨勢，將近六成保母超過50歲，因此擔憂五年、十年後保母退休，會遇「人力斷層」。...,PTS.org.tw,2019-08-11
世界首例基因编辑婴儿或于中国诞生 政府称其“违反条例”：朝日新聞中文网,中国媒体于26日报道称，中国的科学家于11月让世界首例经过基因编辑、对艾滋病病毒(HIV)有免疫能力的双胞胎女婴诞生。而基因编辑能够让遗传基因发生改变。,Asahi,2018-11-29
陈笃生医院研发评估工具 改善看护者心理状况,看护者照顾家中年长病患往往会承受巨大的压力，容易患上抑郁症或焦虑症等心理疾病。本地护理团队研发出可快速并准确判断出看护者患病风险的评估工具，并制定培训项目，协助看护者应对心理压力和负担。预计今年底会在陈笃生医院两个病房展开试验计划，测试评估工具和培训项目的有效性。由陈笃生医院护理助理主任程依瑜和护理执行员林志祥带领的团队，过去三年针对274对年长病患和看护者，展开调查和详细访问，了解病患从住院至出院后六个月的这段期间，对看护者的心理健康产生怎样的影响。,Zaobao,2019-07-05
澳作家杨恒均被单独关押 健康出问题,"澳大利亚华人作家杨恒均被捕两个半月以来，一直未获见律师，家人也无法探视，还被围喂食不明药物。由于他是澳大利亚公民，澳大利亚使馆领事，每个月都可以去探视一次。 
 《澳大利亚人》和澳洲电台的报道，杨恒均被�",RFA,2019-04-01
失智症失踪人数1万6927人为过去最多 发现遗体508具：朝日新聞中文网,警察厅已于20日公布，在2018年1年内警察所收到的报告中，失智症的失踪者总人次为1万6927人，较2017年增加了1064人。,Asahi,2019-06-21
關鍵評論網8月主題徵文：100種打破印象的老後生活,"請將讓你難忘、顛覆對老化刻板印象的老年生活相關經驗及體察，寫成1500字以上（無字數上限）評論文章一篇。作品內容需為首次發表，同時嚴禁抄襲，如有參考資料請附上。 標籤: 100種打破印象的老後生活, 還不錯的老後, 哈佛教你幸福一輩子, 高齡友善新視界, 無痛退休, 老人詐欺, 長壽地獄",NewsLens,2019-08-01
辽宁拟修生育条例 欲改善人口老化,中国东北辽宁省计划放宽生育限制，允许一些夫妇生育第三个孩子，旨在改善生育率并阻止劳动力短缺。,DW,2019-08-01
失智症的爸爸能出國嗎？我的大膽建議是：可以試試看！,"所有資料幾乎都是建議不要改變長輩的環境，也不要過夜，這樣間接的也把照顧者綁死在家中。在臨床上的觀察，並非所有人都必須如此，如果能夠觀察下列幾個病患的情形，或許可以幫助照顧者，有機會帶著長輩外出。 標籤: 失智症, 出國, 混亂行為, 外出環境",NewsLens,2019-03-03
瑞士同意向美国引渡偷取癌症药物机密的中国科学家,瑞士当局周二表示，他们同意美国的引渡要求，将引渡一名被指控偷取全球主要医药公司葛兰素史克(GSK)价值5亿多美元商业秘密的中国研究人员。,VOA,2019-07-17
驗血診斷阿茲海默症 研究團隊有突破,目前全球失智症人口多達5千萬人，在台灣邁入高齡社會的同時，失智病患也正在快速增加。最近在美國洛杉磯舉辦的阿茲海默症協會國際大會，有多組研究團隊提出實驗報告，提到透過驗血來診斷阿茲海默症，其中最高...,PTS.org.tw,2019-07-17
【2019年参院选·当下的我们】在富冈町携妻迎来最后时光：朝日新聞中文网,板仓正雄(90岁)带着患有失智症的妻子·光子(87岁)回到福岛县富冈町，已经过去2年。,Asahi,2019-07-17
遺傳性失智並非無可避免！最新研究：無論基因，健康生活能減少失智症風險,《美國醫學會雜誌》最新研究指出，即使家族內存在高風險遺傳基因，但只要透過維持健康生活習慣，就能降低罹病可能性，讓失智症不再是無可避免的遺傳疾病。該研究長期追蹤英國20萬名60歲（含）以上成年人，比對日常生活的「健康程度」與失智症罹病比例的關聯後得此結論。這篇最新研究刊登在《美國醫,風傳媒,2019-07-17
癌恢复后首归羽总健身 李宗伟下周一正式回归训练场,马来西亚羽毛球名将李宗伟提前回到大马羽总羽球学院展开患癌恢复后的第一次训练，但他昨天做的是健身训练，还没正式回到球场。前世界第一的李宗伟昨早在两名教练的陪同下回归位于武吉加拉的羽球学院做健身。这是李宗伟自去年6月底证实患鼻癌、7月飞往台湾接受治疗，随后回国进行康复后，首次回归他的“第二个家”羽总。,Zaobao,2019-01-05
绝世好雇主 为女佣办婚礼 还备“四点金”,主仆情深！女佣为雇主夫妇打工27年，雇主不仅为她筹办婚礼宴客，还如同嫁女儿般，为她准备“四点金”。48岁的珂丽欧27年前因未婚夫与同事有染，伤心之下离开菲律宾到本地当女佣。当年才20岁的珂丽欧，初到狮城谋生，分别照顾雇主3岁大的长子以及3个月大的男婴，此后与如今60岁左右的雇主夫妻一家，结下不解之缘。,Zaobao,2019-01-05
美国名校“逆境评分”影响亚洲生源吗？,刘裘蒂：美国将在SAT考试中照顾“逆境家庭“学生。耶鲁本科招生主任昆兰说，目前“逆境评分”只针对美国生源。,FT,2019-05-20
VOA连线(魏之)：美要求瑞士引渡偷取癌症药物机密的中国科学家,美国要求瑞士引渡一位被指控偷取全球主要医药公司葛兰素史克价值5亿多美元商业秘密的中国研究人员。美国之音记者魏之介绍了案子的细节。,VOA,2019-07-09
這縣市只有41個公車站牌，長者行的權利嘸人顧？,公車是台灣老人外出最仰賴的交通工具，惟國內高齡化縣市的公車資源建置能否滿足當地老人需要？調查顯示，國內公車資源分布不但有嚴重的城鄉差距，且往往愈是老年人口比例偏高的縣市，公車資源愈是貧乏。以南投為例，其老化程度在全國各縣市排名第4，偌大縣境內卻只有41個公車站牌，平均每平方公里公,風傳媒,2019-07-09
新疆再教育营：中国驻英国大使刘晓明否认强行拆散穆斯林家庭,刘晓明说，中国政府把这些儿童照顾得很好，父母随时可以去见子女，并叫记者给他名字，他会把那些失踪人士找出来。,BBC,2019-07-09
美要求瑞士引渡同谋偷取癌症药物机密的中国科学家,瑞士7月8日公布的文件显示，美国要求瑞士引渡一位被指控偷取全球主要医药公司葛兰素史克价值5亿多美元商业秘密的中国研究人员。,VOA,2019-07-09
中国学者首证人们可在睡眠中被“洗脑”,据《北京青年报》消息，北京大学中国药物依赖研究所常务副所长时杰教授课题组和北京大学心理与认知科学学院朱露莎教授课题组合作研究的成果“午睡中改变简单经济学决策中的主观偏好”，近日在著名杂志《eLife》发表并重点推介。该研究发现的在睡眠中改变价值决策的新方法，对睡眠、决策及临床医学领域的未来研究都有着重要启示意义。,Zaobao,2019-01-15
失智後認不得妻 靠多元認知學習找回甜蜜,「邱小弟」邱孟暉確診失智症後，一度認不得妻子，但參加認知課程數年來，保持輕度失智，夫妻感情也重拾往日甜蜜。醫師指出，減緩失智關鍵與持續學習、與人互動有關。,芋傳媒,2019-07-04
美国国会通过边境人道主义救助法案,美国参议院通过了一项两党支持的法案，计划提供40多亿美元的补充资金，用以解决美国-墨西哥边境的人道主义危机，并提出了照顾被拘留移民的新要求，尤其是儿童。,VOA,2019-06-28
《思想坦克》「能源轉型」將是 2020 大選決勝關鍵？,依據沃旭能源 2017 年的民意調查，臺灣民眾認為全球最重要前三大挑戰分別為氣候變遷（有 86% 受訪認為其為全球挑戰）、老化（74%）、能源供應安全（67%），顯示臺灣民眾極為關注氣候與能源政策。,芋傳媒,2019-07-16
韩国将开启遗传基因大数据时代,,Joins,2019-07-16
新竹市戶政到府補辦證件 民眾直呼便民有感,新竹市一名失智長者因遺失身分證與健保卡而無法就醫，但又不願出門補辦證件，經家人詢問戶政事務所，得知可派員到府服務，立刻解決煩惱，直呼是「方便又有感的便民服務」。,芋傳媒,2019-07-16
百样人生：康复之路,百样人生：康复之路,VOA,2019-07-16
飲食健康又常運動 高失智風險族群降32%患病率,根據今天刊登在美國醫學會期刊（JAMA）的研究，良好飲食及經常運動的健康生活方式，將有助有失智症遺傳基因的高風險族群患病機率，較生活不健康者降低 32%。,芋傳媒,2019-07-16
美联储黄皮书显示美企担忧加剧,据美联储周三公布的黄皮书，美国企业的乐观情绪正在减退，因为这些企业在努力应对大幅波动的股市、不断上升的借贷成本、下跌的能源价格以及对贸易和政府停摆的担忧的影响。,WSJ,2019-01-17
好爸爸开米线店 独自养单脚女儿,基隆徐姓男子五年前与前妻生下仅有单脚的女儿，取名“又立”，希望她能够坚强站起来面对人生。徐某曾到中国谋生，两年前回到高雄，在三民区明贤街开了家”央宗米线”店，独自照顾单脚女儿。据台湾《苹果日报》昨天报道，徐某到中国大陆工作时学会云南料理，两年前在高雄开创米线店，与女儿一起生活。徐某说，女儿天生独脚是老天跟他开了个玩笑。据悉，前妻在怀孕期间照了九次超音波一切正常，但又立出生时却只有一只左脚。,Zaobao,2019-01-17
逾13万病患服用三种受影响高血压药物,本地有约13万7000个病患服用卫生科学局正在召回的三个品牌高血压药物，这些氯沙坦（losartan）药物被验出含有超标的杂质NMBA。这些病患中，有约13万人由公共医疗机构配给的Losartas品牌，这些机构会联络病患。卫生部建议，那些下一次看诊预约在今年7月1日之前的病患，应继续按照原定日期前去看病，并跟医生讨论替代药物方案。,Zaobao,2019-03-29
逾13万人受影响 可能含致癌物质 三款降血压药召回,服用这三款药物的病患不会立即有健康风险，卫生部和卫生科学局强烈建议他们继续服药，不要擅自停药，直到医生安排他们停止服用或换药。那些不清楚自己是否吃了这些被召回药物的病患应该向医生查询。因查出含少量可能致癌物质，在全球掀起的常见高血压药物氯沙坦（losartan）回收风波延烧至本地，我国卫生科学局召回三个品牌的氯沙坦药物，本地有约13万7000人受影响，其中13万名病患是到公共医疗机构买药。,Zaobao,2019-03-29
研究：服降胆固醇药物 一半患者没见效原因复杂,他汀类药物（statins）是西方最常见的降胆固醇处方药。英国研究发现两名服药者中就有一人没有效果。为什么呢？,BBC,2019-04-18
贝亲推无需冲洗的泡沫臀部清洗剂 轻松照顾无法入浴的人士：朝日新聞中文网,贝亲(Pigeon)面向卧床不起等每天无法入浴的人们，在全国范围内推出护理产品“轻柔泡沫臀部清洗剂”(日文为:泡がやさしいおしり洗い)。,Asahi,2019-04-18
深蹲时 要留意什么?,深蹲当成运动，可帮助锻炼腿部肌肉、保持关节灵活。深蹲时要留意什么？什么时候适合做？且听本地物理治疗师和中医师的建议。进行深蹲时，为预防受伤，莱佛士康复医疗中心物理治疗师冯慧菱接受《活得好》访问时建议：●双脚以肩膀的宽度分开站，脚趾向前，保持重心。,Zaobao,2019-04-18
罗伯特·肯尼迪外孙女疑服过量药物猝逝,（早报讯）美国已故参议员罗伯特·肯尼迪（Robert F. Kennedy）的外孙女希尔（Saoirse Kennedy Hill）疑过量使用药物，周四（8月1日）从马萨诸塞州海尼斯港家中送院后不治，终年22岁。解剖结果显示，她的遗体未受到创伤，真正死因要待毒理报告完成后才能确定。据报道，肯尼迪家族周四晚发出声明证实希尔死讯。声明引述她的外祖母埃特尔说：“今天世界少了一点美。”希尔生前在波士顿大学主修传播，并担任学生民主党副主席。报道说，她2016年,Zaobao,2019-08-03
蕭徐行觀點》人口老化與人口移動將是未來國際社會的大議題,在2000年時，全世界有61億人， 100年後的2100年，全世界又會有多少人口呢？根據聯合國經濟暨社會理事會近期發布的2019年「世界人口報告」，屆時全球人口將達到110億。這項人口報告除了揭露全球人口仍將緩慢但持續的增加外，世界人口的增長與轉變也呈現了人口高齡化與頻繁的國際遷移現象。人口緩慢持續,NewTalk.tw,2019-06-27
服用抗憂鬱、癲癇、暈車藥，恐導致老人失智？最新研究：抗膽鹼藥物與失智症確實「高度相關」,24日《美國醫學會雜誌》一篇最新研究，針對常見處方藥，與年長者罹患失智症的關聯進行統計，發現長期服用含抗膽鹼藥物的患者，與沒有服藥的人相比，罹患失智症的風險增加了50%。由於抗膽鹼劑普遍存在於治療抑鬱症、泌尿生殖系統紊亂、思覺失調、癲癇等症狀的藥物中，這項統計有助提供更全面的資訊,風傳媒,2019-06-27
来自乌克兰的神童移民创造独特的DNA机器人,索非亚·李森科的父母在她三岁时从乌克兰移民到美国。现在，当她17岁时，一些美国大型制药公司希望与这位青少年科学神童合作，因为她创造了一种人造大分子机器人，可以将药物直接输送到患有阿尔茨海默氏症和帕金森症患者的脑细胞中。,VOA,2019-07-12
情人节最感人故事 癌伯临终牵挂失智妻 接入院照顾,72年爱情，至死不渝。患急性血癌93岁老伯送入临终病房，却还惦念着说要赶回家照顾失智三年的92岁爱妻。院方急忙隔天把妻子送来“让他照顾”，老夫妻相见喜形于色，令临终病房护士动容落泪。两人在临终病房共度最后两周。丈夫安详过世后，院方正安排让失智妻入住疗养院。,Zaobao,2019-02-15
李总理评军训事故：政府不会敷衍了事,针对近期发生的军训事故，李显龙总理强调政府不会敷衍了事，草率处理任何过失，但也吁请国人不应忽视新加坡武装部队这些年来所取得的进步和成就，以及他们对我国的繁荣与稳定所做出的贡献。李显龙总理星期五（15日）在面簿以中英文留言，发表看法。李总理表示自己非常清楚失去亲人的悲痛。他强调，武装部队非常重视军训安全， 尽全力让军训达到零死亡的目标，包括给予受伤士兵最好的医疗照顾。,Zaobao,2019-02-15
面部皮肤反映个人整体健康,老化会影响人体各个器官。由于肌肤处在外层，是肉眼最明显看到的器官，所以，肌肤尤其是面部皮肤，就成了反映个人整体健康的代表。本报《活得好》请医生谈影响老化的因素，以及哪些因素会加速老化。■内在因素，如：遗传、整体健康和激素改变（雌激素减少，影响肌肤素质）。■外在因素，如：暴晒、环境污染物、生活习惯和压力等。,Zaobao,2019-02-15
《他是憂鬱，不是失智了》：老年憂鬱症有哪些非典型症狀？,"雖然有點囉嗦，但在這裡還是要再次提醒，老年憂鬱症在記憶障礙及意欲低下、失去活力方面的症狀特別明顯，因此很容易被歸類到失智症的範疇。 標籤: 憂鬱症, 精神運動性遲滯, 老年憂鬱症, 妄想, 記憶力衰退, 神經傳導物質, 他是憂鬱，不是失智了",NewsLens,2019-06-19
新竹縣攜式指紋掃描器 辨識身分防走失,為了協助失智民眾走失時，能及早辨識身分找到回家的路，新竹縣警局近日添購全臺第一台「攜帶式活體指紋掃描器」，警方可迅速比對身分，聯絡家屬。...,PTS.org.tw,2019-06-19
马国卫生部已吊销 七含氯沙坦产品注册,马来西亚卫生部指出，自今年3月7日起，已吊销七个含有氯沙坦（losartan）的产品的注册，同时也下令相关公司回收产品，目前相关产品已没有在马国市场内流动。卫生部文告指出，被撤销注册的药物全都生产自印度，分别为Hetero Labs Limited生产的LOSAGEN 50及LOSAGEN 100；Intas Pharm Ltd生产的Losartas 50mg Tablets及Losartas 100mg Tablets；以及Torrent Pharmaceuticals Ltd生产的TOZAAR PLUS LS 50/12.5mg Tablet、Tozaar 50mg Tablet及Tozaar Tablets 100mg。,Zaobao,2019-03-30
17岁袖珍女 网络直播改变人生 体重仅 5.5公斤,家住黑龙江大庆市林甸县的少女刘爽，如今已17岁，却因先天软骨发育不全，目前身高只有64公分，体重也只有5.5公斤，名副其实是一名袖珍女孩。刘父透露，女儿出生时体重不到1公斤，医生都认为她难以存活，但父母不忍心放弃亲生骨肉，决意一直照顾她。刘爽长大后，不但身高体重未达常人水平，智力也较正常为低，令父母十分担心。刘爽平日不敢独自出门，几乎过着与世隔绝的生活。,Zaobao,2019-03-30
助受影响病患 医疗机构设临时诊所增派人手,高血压药物被召回，不少感到担忧的病患到医疗机构询问，医院和综合诊疗所为此加派人手协助受影响者，包括设立药物评估诊所、药房专属柜台和增加额外看诊时间段。新加坡保健服务集团医务理事会主席蔡翔仁教授答复《联合早报》询问时指出，新保集团属下的医院和全国专科中心，如新加坡中央医院、樟宜综合医院和新加坡国家心脏中心，已特别设立暂时性的药物评估诊所。诊所将由医生、护士或药剂师解答病患的疑问，必要时讨论替代药物方案。新保集团的综合诊疗所也提供类似服务。,Zaobao,2019-03-30
三降血压药或含致癌物 病患急换药,因可能含有致癌物质，卫生科学局召回三个品牌的高血压药物氯沙坦，消息公布后，不少公众对药物使用有顾虑，今早（3月29日）有综合诊疗所出现百名公众询问、换药。自去年六月开始，全球掀起高血压药物氯沙坦（losartan）回收风波，如今也延烧至本地。卫生科学局昨午发文告表示，当局召回三个品牌的氯沙坦药物。,Zaobao,2019-03-30
“阿片的恶果”北卡系列,在美国，阿片类药物上瘾与滥用已经成为“一场最严重的公共卫生危机”，甚至被一些专家称为“美国历史上最致命的毒品流行”。据报道，美国人口占世界总人口的5%，而使用的阿片类药物却占世界总使用量的80%。,VOA,2019-03-30
综述：去年第四季美国经济减挡低速运行 全年增速未达3%目标,路透华盛顿3月28日 - 美国经济在去年第四季的放缓程度超过最初的预期，2018年的增长低于特朗普政府3%的目标。在减税的一次性提振效应减退后，企业获利出现了一...,Reuters,2019-03-30
沈迷電玩恐提早老化！美研究：大腦皮層變薄,過度沈迷於電玩不只影響日常生活，還可能造成大腦提早老化！美國國家衛生研究院（NIH）近期針對9到10歲兒童研究指出，每天使用智慧型產品與打遊戲超過7小時，大腦皮層有提早變薄的現象，而這將影響「感官功能」。大腦皮層是大腦的最外層，負責處理感官資訊，NIH斥資3億美元研究的第一波資料顯示，使用電子產品超,NewTalk.tw,2018-12-11
走进美国：又有艾滋病人完全康复了,一位艾滋病病毒检测呈阳性反应的英国男性，成为目前全世界第二例完全清除血液中病毒的康复者，在美国西雅图举办的一场记者会中，领导全球对抗艾滋病的联合国机构表示，这个消息让他们十分振奋。,VOA,2019-03-13
【插畫】貓齡對照表：我家貓咪今年幾歲了？,"從「年齡對照表」中可以發現，相對人齡上跳躍的間距各都不同，這代表著，我們不能以人老化的速度來看待貓咪。 標籤: 貓奴, 貓, 年齡換算, 貓咪健檢, 成貓, 等同人齡, 我不醫人- Dr. Lan, 體重",NewsLens,2019-03-13
为买新iPhone 女大生卖卵 腹胀险死,浙江杭州20岁女大学生美娟，因羡慕同学买iPhone XS Max，又不想向家人拿钱，误信“寻找捐卵子志愿者”的广告，后者声称“卖卵对身体无害”，但须每日打针，半个月后取出卵子，即可得到报酬。美娟在10多天内连续注射催促排卵的药物，成功赚取上述金额买到新款手机。虽赚到1万人民币（约2020新元），她却因过度注射排卵药物取卵，出现呼吸困难、卵巢异常增大等症状，腹部异常胀大。她到医院求诊，医生表示当时她看上去像孕妇，“至少怀孕7、8个月”，检查后却发现美娟并未怀孕，卵巢却异常增大，肚子充满腹水，一度怀疑是卵巢癌。,Zaobao,2019-03-13
男粉丝突冲上台 刘德华冒险相扶,刘德华（华仔）去年初因坠马受伤而取消跨年演唱会，经过1年多康复治疗，早前终于重踏红馆舞台举行20场演唱会。前晚（12月20日）第6场演出期间，有男观众突然跨过栏杆扑向华仔，华仔紧张抱住免对方受伤，扶他下台后即叮嘱大家要小心。这幕意外事件，令关心华仔的粉丝及网民群起大骂，斥责该男观众行为自私，若弄伤华仔后果严重。,Zaobao,2018-12-23
杨幂和香港男星刘恺威离婚,杨幂和香港男星刘恺威2014年奉女成婚后婚变传闻不断。今天嘉行传媒微博发文，正式宣布两人在今年签暑离婚协议，和平分手，离婚是双方彼此尊重沟通后做出的选择，未来将以亲人的身份共同照顾扶养孩子。,Zaobao,2018-12-23
拾荒老人养大弃婴22年,最近微博上有一个让万千网友感动流泪的影片，一名拾荒老人22年前在天桥下发现一个纸箱，里面装的竟然是刚出生的女婴，连脐带都还挂在肚子上，当下他不顾自己生活困苦，坚持要拯救这孩子。老人回忆说：“我把孩子抱上手，舍不得撒手，怎么办呢？”尽管自己家中还有3个没有妈妈的侄子要养，收入不稳定，但他仍咬紧牙根，每天省吃俭用，用牛奶、白糖、鸡蛋及香油，把女婴养大。女孩学校成绩非常优异，让老翁相当引以为傲。老翁说，自己不求什么回报，只希望在生命走到尽头前，可以看到女儿嫁给好人家，看到自己孩子有人照顾，他也就了无遗憾。,Zaobao,2018-12-23
中国党媒说芬太尼滥用的责任完全在美国,据路透社报道说，上个星期五，中国官方媒体回击了美国官员声称中国没有打击芬太尼和芬太尼相关物质流入美国的说法，称对阿片类药物滥用的责任在于使用者。,VOA,2019-08-24
人口老化警鐘 長輩扶養費爭議3年增4成,隨人口老化，失能老人逐年增加，爭議也隨之而來，根據法扶基金會統計，過去 3 年與「給付扶養費」相關案件量暴增約 42.7%。家總推出指引工具，呼籲民眾多和家人溝通，凝聚共識。,芋傳媒,2019-08-24
廢除元號制的理由：「令和」會成為日本最後的元號嗎？,"隨著日本人口老化，以及留學生和外國人口移居日本的限制開始放寬，日本人整體支持維持元號制的呼聲很有可能將持續下降。究竟這個「獨步天下」的元號制還能維持多久？ 標籤: 令和, 年號, 元號, 天皇, 日本",NewsLens,2019-04-04
失智老人基金會拍紀錄片 日落之前省思獨老年代,失智老人基金會拍攝紀錄片「日落之前」，透過記錄 4 位獨居長者生活，盼喚起大眾一同關心獨居長者的生命處境，給予長者更多尊重與關懷。,芋傳媒,2019-04-04
前总统卡特胯部骨折,美国前总统吉米·卡特星期一胯部骨折，在成功接受手术后，目前正在康复之中。,VOA,2019-05-14
福原爱育儿心得(中) 不慌不忙带小孩的丈夫让我吃惊：朝日新聞中文网,在台湾，有着生完孩子以后休养身体的文化。由于担心自己在紧要关头能不能顺利地理解中文，因此曾犹豫是在台湾生还是在日本生，不过最后让我做出决定的理由之一便是产后康复中心。我也住了1个月的院。,Asahi,2019-01-06
习近平倡议一国两制，蔡英文回应“绝不接受”,中国国家主席习近平星期三在告台湾同胞书发表40周年纪念会上表示，一国两制是为了照顾台湾的现时情况及维护台湾同胞的利益福祉。不过，台湾总统蔡英文则回应指出，台湾绝不会接受也坚决反对一国两制。,VOA,2019-01-06
失智被騙一億 財產給兒子就被棄養  小心銀色財務危機！,根據警政署統計，60歲以上老人受騙的人數，5年翻了一倍，以去年受害人數為例，60歲以上老人占了一成四。若統計失智長者相關的民事糾紛，則11年來增加了16倍。92歲，家住桃園市的江老太太，6年多前繼承丈夫價值5百多萬元房子及7百多萬元現金的財產後，以為可以「養兒防老」，把現金全部給了兒子；兒子卻沒有擔,NewTalk.tw,2019-03-07
美议员提议案  追究中国生产和贩运芬太尼责任,鸦片类合成药物芬太尼(Fentanyl)近年来大肆涌入美国，造成众多人上瘾和死亡。美国政府指控中国是芬太尼泛滥的主要源头。为此，美国两党众议员日前提出议案追究中国政府官员和个体生产和出口芬太尼的责任。,RFA,2019-03-07
台大產學合作打造先端實驗室 無人機導入農業,台灣農業面臨人口老化、缺工等問題，台大生農學院透過產學合作成立「先端智農實驗室」，希望將無人機等先端科技應用在農業，打造智慧農業新世代。,芋傳媒,2019-08-20
明明與家人同住，為何仍走向「孤獨死」的人生終點？日本行政解剖揭露的悲傷現實：同居孤獨死,獨居者陳屍家中，經過一段時間才被發現的「孤獨死」，已經成為日本社會備受關注的課題。不過根據日本兵庫縣監察醫務室的最新統計，即便是與家人同居，該縣仍有部分在家中過世的民眾，竟在死後超過24小時才被人發現。這種「同居孤獨死」的悲傷情況，也使得繭居與失智問題再度浮上檯面，與家人同居也不,風傳媒,2019-08-20
通用电气对庞氏骗局揭发者的财务指控作出新反驳,通用电气公司周一进一步驳斥了Harry Markopolos有关该公司财务状况不明晰的说法，并将反驳重点放在其长期护理业务和油气子公司贝克休斯。,WSJ,2019-08-20
107年人口總增加率僅千分之0.8 歷年來最低,台灣107年的人口總數，只比106年增加1.8萬人，總增加率只有千分之0.8，首度跌至千分之一以下，不論是人口增加數還是增幅，都是歷年最低。人口老化正是台灣面臨的極大危機之一。內政部今（19）天發布統計指出，107年戶籍登記人口數為2358.9萬人，比106年增加了1.8萬人，總增加率千分之0.8。,NewTalk.tw,2019-01-20
印度政府：20年後高齡化社會 人口紅利不再,印度政府發表的 2019 年經濟調查報告指出，隨著印度人口成長急速放緩，印度人口成長將在 20 年後停滯， 2030 年代人口開始老化，政府需制定因應政策做好準備。,芋傳媒,2019-07-06
专为狗狗打造的豪华度假村,美国人经常像对待家人一样对待他们养的宠物狗。人们去度假的时候可能不会带着他们的狗，但他们希望在他们离家时，狗能得到很好的照顾。,VOA,2019-07-06
美前军人伊拉克战争期间 中13枪大难不死 12年后大学毕业,美国一名前军人于2006年在伊拉克连中13枪后大难不死，回国后重返校园，并在上周六大学毕业，取得迟来的运动科学学位。他坦言，至今仍像做梦一样，并计划持续进修，期望可以从事协助退伍美军融入社会的工作。史卓比诺曾任101空中突击部队中士，2006年被派往伊拉克捉拿一名目标人物，但遇上敌军还击。他当时右半身遭近距离连开13枪，其中一枪击中股骨，两枪击中肺部，还有一枪穿过颈部。他以为自己必死无疑，结果奇迹生还。回到美国后，他花了一年时间进行康复治疗，并决定重返校园。,Zaobao,2018-12-20
刘德华开唱 妻女公开捧场,相隔八年再办个唱，刘德华坠马康复连唱20场，昨晚（12月15日）妻女破天荒首次公开捧场。一连20场刘德华（华仔）的“My Love Andy Lau刘德华World Tour-Hong Kong 2018”演唱会昨晚在香港红馆展开，这是他发生坠马意外后首次开唱，因此吸引很多粉丝抢票，而他也卖力演出，全场爆满，不只他父母到场，向来注重隐私的华仔更首度让老婆朱丽倩、六岁女儿刘向蕙（Hanna）和父母现身台下欣赏演出，似乎已不介意女儿公开露脸。,Zaobao,2018-12-17
精神科醫師分析》照顧有精神症狀的失智長者...家屬該怎麼做？,近日新聞報導精神症狀的失智症患者，如人球一般未能在醫療院所治療或長期照顧機構收容,信傳媒,2018-12-17
爱犬骨灰安置49天 黄子佼心痛决定今生不再养狗,黄子佼的狗儿子“元气”日前寿终正寝，共活了18年又56天，换算成人龄已上百岁。黄子佼说和元气的相处无法复制，所以今后不再养狗。他在录影前的化妆室里谈起生活点滴，竟然逼哭了两名女记者，后者泪眼汪汪说感同身受。元气走后黄子佼当天将它火化，骨灰至今放置家中，依习俗49天后再撒骨灰。人走后7日回魂，据说狗5日会回来，黄子佼说：“过了5天了，它没回来，也没入梦，但我看得很透彻，它就是去修行，走下一段功课了。而它跟我相处这段，对我来说是很棒的生命教育，而且当年我事业低潮，每天在家躺着什么都不想做，为了照顾它我不得不起来，等于是它让我的生命重生。”,Zaobao,2019-02-23
失智翁遭鐵鍊拴門前 妻稱防亂跑社會處介入,苗栗縣 78 歲陳姓老翁，因失智多次外出走失，甚至遭車輛撞傷，陳妻為防止丈夫亂跑，以鐵鍊拴綁控制在三合院門前；苗栗縣政府今天指出，已轉介醫療資源，暫時安置。,芋傳媒,2019-04-15
女儿圆亡母遗愿 促成父亲娶家婆,中国陕西西安的一名赵姓女子，本月14日西洋情人节，带着61岁的父亲与57岁的婆婆，前往公家机关办理了结婚证，希望两位老人以后做个伴，赵女流泪说，这也圆了过世母亲的遗愿。赵女的母亲至本月14日刚好去世21天（三七），5年多前刚查出骨髓肿瘤时，就担心自己无法照顾老公终老，于是开始想找“可靠的人”接替她，就看上了女儿当时新寡的婆婆。,Zaobao,2019-02-19
中國荒謬的生育管制：鼓勵二胎罰三胎？山東夫婦生老三，被罰到連微信錢包都被凍結,中國面臨到人口老化的壓力，開始鼓勵民眾生二胎。但是，對生三胎的人，卻仍徵收高額「社會撫養費」，就連虛擬帳戶也收得一點零錢也不留。山東一對王氏夫婦的遭遇引發眾多網民為之叫屈。山東成武縣一對夫婦在生了第三胎之後，沒能上繳「社會撫養費」，被當地法院凍結財產及財付通，連微信錢包也沒能倖免,風傳媒,2019-02-19
突破政府边境防线 瓜伊多召义工投入人道救援,委内瑞拉总统马杜罗强调委国没有人道危机，并指控美国对委内瑞拉执行的经济制裁为物资短缺的元凶。 他强调已有上百万家庭受惠于政府发放的补给餐盒，而委国政府也向中国与俄罗斯购买药物及医疗器材。,DW,2019-02-18
中国严格实行二胎政策 山东夫妇生三胎遭罚,中国面临到人口老化的压力，开始鼓励民众生二胎。但是，对生三胎的人，却仍征收高额「社会抚养费」，就连虚拟帐户也收得一点零钱也不留。山东一对王氏夫妇的遭遇引发众多网民为之叫屈。,DW,2019-02-18
亲友送冯伟衷最后一程 感人悼词道万般不舍,冯伟衷的大哥伟健说：“当妈妈在他床边哭着时，他说的第一句话是，‘妈，别哭了。如果你哭，我也会跟着哭，而我现在很痛很痛’。他还说他过几天就康复，到时会带妈妈到新西兰的赌场走走。”,Zaobao,2019-01-28
昭和大学医院2名医生 涉嫌对女性下药施加性暴力：朝日新聞中文网,警视厅于27日宣布，因让女性吃下具有睡眠作用的药物并将其带回自家施加性暴力，故以涉嫌猥亵强拐与准强制性交为由，对昭和大学医院(东京都品川区)内科医生·金古政隆(28岁、家住品川区)、进修医生·大林久晃(26岁、家住横滨市都筑区)实施逮捕。,Asahi,2019-02-28
戰後嬰兒潮即將邁入退休，美國該如何因應人口與照護危機？,"美國還沒為即將到來的人力短缺做好準備。國會與白宮仍在虛與委蛇，在事情不演變成難以收拾的危機前它們似乎不想著手解決。然而，老年人照護是當前最昂貴的國內單一事項，它超出了「聯邦醫療保險」（Medicare） 與「低收入戶政府醫療補助」的預算，更打破了全美五十州以及多數中產階級的薪資預算。 標籤: Medicaid, 照護壓力, Medicare, 人口老化, 老年照顧者, 長照保險, 照護危機",NewsLens,2019-02-28
“学伴”事件不应沦为偏见与歧视的狂欢,李昊：不应排斥留学生，而应建立更科学、民主、透明、亲民的留学生政策。对留学生的优惠照顾应当讲原则、有时限。,FT,2019-07-18
用保險準備失智照顧費用 業者建議3大選擇考量,衛生福利部調查，截至 2018 年台灣失智症患者已逾 28 萬人，且每 38 分鐘新增 1 名失智症患者，衍生的長期照顧費用準備成問題。壽險業者建議，想用保單建立長照帳戶，應有 3 大考量。,芋傳媒,2019-08-12
保母老化與居家托育中心問題 民團籲改善,準公共托育政策滿周年，托育政策催生聯盟今天指出，現行辦法仍有兩大漏洞，一來「居家托育服務中心」欠缺法定地位，其次是保母人力嚴重老化，呼籲衛生福利部應修正相關法規。,芋傳媒,2019-08-12
科学家如何使用智能手机来控制向大脑输送药物过程？,,ALJAZEERA,2019-08-12
又出问题！德军最新武装直升机不得升空,德国联邦国防军一再碰到装备老化或失灵问题。现在，最新一代武装直升机又出现麻烦。由于安全隐患，所有“虎式”武装直升机暂时不允许升空。,DW,2019-08-12
歷史上的今天》8月11日──好萊塢一代笑匠 羅賓威廉斯悲劇結束一生,2014年8月11日，美國喜劇演員羅賓威廉斯（RobinWilliams）被發現在加州的寓所內自縊身亡，享年63歲。外界一度以為憂鬱症是導致他走上絕路的原因，不過他的遺孀蘇珊威廉斯（SusanWilliams）後來指出，丈夫是因路易氏體失智症（dementiawithLewybo,風傳媒,2019-08-12
病人自主權利法面面觀：失智父彌留7天不吃也不插管 子女不遺憾,長輩嚴重失智，要不要插鼻胃管餵食常令家屬掙扎。周貞利照顧失智父親多年，體認唯有認識疾病才能適時放下，父親彌留 7 天幾無進食也不插管，離世表情祥和，送別父親不留遺憾。,芋傳媒,2019-04-06
4900人上网请愿 力挺遭罚10万医生,医生为病人打针前没有提醒她可能出现一些并发症，结果被重罚10万元，事情曝光后5000人力挺医生，发起请愿希望卫生部长阐明政府在这方面的立场。网上请愿书前天下午2时许上线，短短两天已有超过4900人表示支持。《联合晚报》日前报道，执业近30年的骨外科专科医生林连安（译音，Lim Lian Arn）被指在为女病患注射药物前没有通知她相关的风险和并发症，使她无法做出知情选择。林医生因此被新加坡医药理事会纪律审裁庭重罚10万元的最高罚款额。,Zaobao,2019-01-26
政府停摆之痛：一个美国家庭的生活难以为继,“除非我们所有的债主都跟我们说‘别着急，你们被强迫休假了，等拿到钱的时候再还给我’，不然，我们就有麻烦了。”Tawanna Smith为照顾因胃癌刚做过手术的丈夫Charles而辞掉了工作，而Charles是一名退伍老兵，也是美国目前因政府停摆而被迫无薪休假的80万名联邦雇员之一。这则视频记录了他们因政府停摆而陷入的挣扎：没有收入，但账单仍源源不断涌来。图片/视频：Adam Falk,WSJ,2019-01-26
向歲月致敬 連美恩用攝影讓長者找到自信,長者若罹患失智，常會感到自卑、甚至自覺對社會無用。藝術工作者連美恩運用攝影專長，讓奶奶成為時尚潮模，不僅幫奶奶脫離失智絕望，也激發社會對於老人陪伴的思考。,芋傳媒,2019-06-01
点香驱二手烟 引大火母赔命,武吉班让致命火患，女儿出外打包午餐，出门前点两支香驱散邻居抽烟传来的二手烟，不料却引发大火，烧到纸箱或报纸，加上开动的风扇助长火势，坐轮椅的83岁失智老母亲，被烧成焦尸。,Zaobao,2019-06-01
2018編輯推薦書單【高齡篇】：人口變少又變老，我們的未來會怎樣？,"延續著前幾年在出版市場已經掀起的老人學或銀髮浪潮，2018年相關的作品也相當可觀。以下要推薦的五本書各自從不同的角度切入老化，推薦順序的安排是從整體社會的趨勢或變化到個人層面的相處與互動、從臨終回溯到長期照顧，再到如何維繫與長輩的日常相處。 標籤: 高齡化, 長期照顧, 未來年表, 七十歲死亡法案，通過, 棄老傳說, 楢山節考, 一個人的臨終, 上野千鶴子, 在宅醫療, 沒想到…我會變得這麼弱？, 朱國鳳, 如果父母老後難相處, 長照, 2018編輯推薦書單",NewsLens,2019-02-07
中国挤压下香港或掀新一轮移民潮,在1997年香港回归中国之前的几年里﹐数十万香港市民移居海外，如今有初步迹象显示﹐随着人们对公民自由、生活水平和生活质量的担忧加剧﹐新一轮移民潮可能即将到来。,WSJ,2019-02-07
当年获200元创业 如今200万报恩 富商25年恩情难忘,25年前，徐州市民张爱民拿出近一年的工资1000元人民币（约200新元）帮助浙江小伙孙胜荣开理发店。如今，在西班牙发家致富的孙胜荣为报答昔日恩情，投资1000万元人民币（约200万新元）为张爱民在徐州开了西班牙酒庄。1987年，15岁的浙江丽水青田人孙胜荣到哥哥在徐州开的理发店打工，与当时的店里常客张爱民（24岁）成为朋友。之后，孙胜荣到温州打工，但生活情况不佳，在街头偶遇张爱民，后者二话没说，拿出1000多元帮孙胜荣创业，还经常为孙胜荣打点伙食，当他是亲兄弟般照顾。,Zaobao,2019-03-15
花45天折千纸鹤送暖,15岁的玛德莲·克内肯斯的姨妈几年前因癌症过世，因此读到佐佐木祯子的生平故事时深受启发，决定为亚历山大医院的病患折纸鹤，祝愿他们能早日康复。家人因癌症病逝后，在我国土生土长的新加坡德国人学校学生，一人用了45天，折完1000只纸鹤，为亚历山大医院的病患送去丝丝温暖。,Zaobao,2019-03-15
仁慈医院新自动化设备 轮椅病患洗澡时间减半,病患只须坐在特制轮椅并系好安全带，护士再把他推入洗澡设备按下按钮后，设备便会自动喷洒出肥皂和水，为病患清洗身体。仁慈医院的轮椅病患洗澡比过去更方便，护士只要把他们推入新的洗澡设备，就能在4.5分钟冲洗干净，洗澡时间减半。这也让护士有更多时间，照顾病患的其他需求。,Zaobao,2019-03-15
美斥中國迫害穆斯林﹕1930年以來最嚴重,伊斯兰合作组织举行外长会议，其中公开表彰中国对其穆斯林社群的照顾。对此，美政府批评穆斯林国家未针对新疆议题谴责中国。此外，美国务院发布年度人权报告，严厉斥责中国对穆斯林的迫害。而北京则回击称华盛顿“充满意识形态偏见”。,DW,2019-03-15
七国科学家联合呼吁全球暂停编辑胚胎基因,来自7个国家的十几名科学家呼吁全球自愿停止对人类DNA编辑的临床使用，即通过对精子、卵子或胚胎的遗传性基因进行改变，培育出基因被改变了的婴儿。,VOA,2019-03-15
那英、蓝心湄力挺本地女团StellaVee,本地最新二人女团StellaVee，成员Vee易薇倪五年前只身到台湾发展，获蓝心湄照顾。StellaVee由Stella谢慧娴和Vee易薇倪组成，两人因参加2012年实况选秀比赛《Sunsilk明星学院》结缘。能唱也会创作歌曲的她们虽曾合作翻唱歌曲拍视频，也一起参演宣导短片集等，但直到前年才一起被海蝶音乐相中签约。,Zaobao,2019-03-15
“驱狐行动”2200网友联署 黄心颖二姐批网判官,“驱狐行动”2200网友联署，黄心颖二姐黄心妙狠批网上判官。黄心颖上月受“安心事件”影响，一直由姐姐轮流照顾。（互联网）黄心颖受“安心偷吃”影响，天天遭网民围攻，近日网民更发起“要求无线与黄心颖即时终止经理人合约”万人联署行动，目前已有逾2200人签署。黄心颖二姐黄心妙昨日在IG留言，感慨生活在充满语言暴力的世界：“很多人都认为他们可以做这种精神上和心理上侵犯别人的行为，大家都化身为判官，选择以暴易暴，我们的世界真的生病了。”,Zaobao,2019-05-04
新皇后陛下·雅子将继承传统养蚕活动 幼年曾照顾小蛇及蝾螈：朝日新聞中文网,育蚕成茧的活动“养蚕”。这项为了传承文化等、由历代皇后所肩负的传统，将由新皇后陛下·雅子继承。据悉，其实皇后陛下自幼便对小生物有所关心。,Asahi,2019-05-04
長照需求殷 北部高中職照服科招生難,全台65歲以上老年人口長期照顧需求提升，根據內政部2018年數據估算，全台有超過27萬名失智者，而且數字持續上升。雖然失智症並非正常老化的一部分，但也是高齡社會中不得不面對的課題。教育部卻從10...,PTS.org.tw,2019-07-25
從居家防跌到換工，打造「老得起」的社區互助網,"作者以老人防跌為議題成立了「防跌工班」，協助居家內外環境的改善，以預防長者跌倒。如此才能維持老人在社區獨立健康生活、減少醫療資源耗費和家庭照顧負擔，並重構老人的社會關係。 標籤: 暖暖, 基隆, 社區, 在地老化, 防跌工班, 換工互助, 老人跌倒, 在地安老, 社區工作, 老人防跌, 換工, 社會關係, 賦權, 社區互助, 社區照顧, 展齡",NewsLens,2019-07-25
奥克拉荷马州法官因强生公司助长阿片类危机判处其5.72亿美元赔偿,美国中西部奥克拉荷马州的一名法官下令强生公司向该州支付5.72亿美元的赔偿金，原因是该公司助长了该州的阿片类药物危机。,VOA,2019-08-28
大型科技公司正在失去光环？,格林：在大型科技公司工作曾是许多年轻人的梦想，现在它们的吸引力减退。原因包括丑闻、企业文化和年轻人追求的变化。,FT,2019-08-28
抗老化：我们真的渴望长生不老吗？,千百年来，永保青春一直都是人类不懈的追求。但如果真的能够阻止人体老化，世界又会发生什么事情呢？,BBC,2018-12-02
從畫作走進失智者內心世界 民團替長輩辦展覽,失智症患者受疾病影響，常陷入不好的回憶中，天主教失智老人基金會帶領長輩透過畫畫等創作找回美好記憶，並且舉辦展覽，讓社會大眾也能走進失智者的內心世界。,芋傳媒,2019-08-18
長壽之國的煩惱：日本90歲以上女性，逾7成罹患失智症,日本高齡少子化問題嚴峻，老人照護、失智症防治等相關問題，一直是政府的重要課題。千葉大學預防醫學中心教授近藤克則近日表示，據統計顯示，90歲以上的日本女性中，有高達7成多的女性患有失智症。為減緩失智症問題，日本政府於今年5月中，提出在未來6年內減少6%失智症罹患率的目標。認知症のお,風傳媒,2019-08-18
遗传分析：阿马齐格人是加那利群岛最早的定居者之一,,ALJAZEERA,2019-03-22
三星家族长女涉滥用麻醉药丑闻,有“三星公主”之称的韩国三星公司家族长女李富真，近日卷入滥用麻醉药“普洛福”的丑闻。韩国警方周四（21日）证实将到位于首尔江南区、怀疑非法提供麻醉药物的整容医院，检查处方药剂的管理手法，以决定是否立案调查。韩联社报道，一名医院的助理护士揭露，48岁的新罗酒店社长李富真静脉注射普洛福（丙泊酚，Propofol）成瘾。当地警方表示，这次行动说是针对李富真的立案前调查还言之过早；当局将会根据结果来决定下一步行动。,Zaobao,2019-03-22
有助診斷不同失智 英研究分析大腦蛋白結構,科學家研究拳擊手及其他運動員的受損大腦，發現頭部相關疾病「拳擊手腦病症候群」（punch drunk syndrome）的關鍵細節，這可能有助於發展出阿茲海默症的新診斷和治療方法。,芋傳媒,2019-03-22
精神病患励己励人,曾患上躁郁症的蔡惠君接受治疗后病情已受控制，她现在在银丝带组织工作，并在活动上分享经历，想让大众知道精神病不是绝症，患者可以控制病情也可以继续对社会做贡献。精神疾病或许会摧毁患者的意志，但也可能让人越挫越勇。蔡惠君（42岁，执行人员）2013年确诊患上躁郁症（bipolar disorder），至今仍在控制病情。漫长的康复之路并没使她意志消沉，反而让她下定决心，用自己的经历协助大众了解精神疾病，并且帮助其他病患对抗病魔。,Zaobao,2019-03-01
达赖喇嘛康复出院 已返回达兰萨拉,早前因胸腔感染而入院进行治疗的西藏精神领袖达赖喇嘛已经康复出院，并于26日返回印度北部的达兰萨拉。  美联社星期五报道，藏人行政中央司政洛桑森格与数名印度政府官员前往机场接机。数百流亡藏人手持哈达等欢迎达�,RFA,2019-04-27
动物园长颈鹿难产48小时 兽医抢救无效母子俱损,动物园14岁的长颈鹿露西（Lucy）难产48小时，兽医介入尝试取出胎儿，但露西在手术过程中心脏骤停，抢救无效母子最终都无法挺过难关。野生动物保育集团（Wildlife Reserves Singapore，简称WRS）星期二（2月5日）晚上在面簿上公布噩耗。这是14岁的露西首次怀胎，经过长达15个月的怀孕期，露西周末开始进入生产状态，但WRS指出，照料露西的兽医团队原本希望它能顺产，但经过48小时的观察和照顾，证实露西无法自然分娩，兽医只好介入抢救。,Zaobao,2019-02-06
駐顏有術靠科技 日本研究破解肌膚不老密碼,未來真能研發出延緩肌膚老化的乳霜嗎？.世人總說美麗是「膚淺」的，但誰不希望青春永駐？日本最新研究發現，肌膚不老關鍵或許就藏在某種蛋白質身上。,TWNews,2019-04-05
老司机低头一下害女乘客瘫痪 监两周吊牌24月,老德士司机开车时低头看了一下，结果德士冲上路堤撞栏杆，导致坐在后座的71岁女乘客四肢瘫痪，有生之年需依靠呼吸机，而且必须请全职看护来照顾。现年73岁的司机魏新宾（译音）昨天（4月3日）承认一项疏忽驾驶危害他人安全的控状，法官判监两周和吊销各级驾照24个月。车祸发生在去年5月5日，地点是后港8道朝往2道方向。,Zaobao,2019-04-05
華裔人口專家：中國經濟難望追上美國,儘管很多人都認為，中國在2010年取代日本成為全球第二大經濟體系之後，早晚都會超越美國成為世界第一，有些人甚至估計2030年就會勝過美國。但美國威斯康星州大學人口專家易富賢博士卻不認同這些樂觀的推測，易舉出的理由簡單不過，因為他們忽略了中國人口老化對經濟增長的負累。,RFI.fr,2019-04-05
特朗普称将推迟至少一年决定是否关闭美墨边界,美国总统特朗普说，他将推迟至少一年决定是否关闭美国与墨西哥边界。特朗普周四（4日）在白宫表示，他将给墨西哥一段时间来打击非法移民和阻止非法药物流入美国，如果未见成效，美国将对墨西哥征收汽车关税或关闭美墨边界。特朗普说，这是“为期一年的警告”。特朗普3月29日表示，除非墨西哥立即阻止中美洲移民通过美墨边界非法涌入美国，他“非常可能”最早4月初作出关闭美墨边界的决定。这一表态引发美国一些州政府和商业团体的反对。反对者担忧此举反将损害美国经济，扰乱供应链，推高美国市场上从鳄梨到汽车一系列消费品的价格。,Zaobao,2019-04-05
网上照片分享家长感同身受 育儿崩溃经历父母哭笑不得,家有一老，如有一宝。家有一“小”，却往往带来不少“灾难”，当父母的还必须有颗强壮的心脏。日本很多家长就在推特以#育儿冲击画面的标签，分享照顾小孩时发生的崩溃经历，很多家长看后都表示感同身受。从只会哭闹的婴儿时期到会爬、会说话，孩子一天天成长给人带来欣喜，但在成长过程中总有顽皮和各种小意外的时候。,Zaobao,2019-04-09
恐無憑證 自行照顧者憂不適用長照扣除額,財政部打算修法增列「長照扣除額」，一年12萬元，以減輕家庭經濟負擔，不過施行細則還沒公佈，有民間團體擔心，國內有一半能失智者，是由家人自行照顧，很有可無法受惠。...,PTS.org.tw,2019-04-09
科丝美诗推出微生物抗衰老化妆品,,Joins,2019-04-09
打击芬太尼 美议员要求追究中国官员责任,鸦片类合成药物芬太尼在美国泛滥引起忧虑，美方指控中国是芬太尼非法涌入的源头。美国议员周二提出议案，要求追究相关中国政府官员和普通个体的责任。,VOA,2019-03-06
美国食品和药物管理监督管理局局长戈特利布辞职,美国总统特朗普证实，美国食品和药物管理监督管理局（FDA）局长戈特利布（Scott Gottlieb）将在下月辞职。据CNBC之前报道，这位备受好评的FDA负责人已辞职，准备与家人共度更多时光。46岁的戈特利布担任这一职位两年，任职期间关注青少年药物上瘾问题，并努力推动对电子烟和烟草业的更严格监管。,Zaobao,2019-03-06
上课时替学生照顾宝宝 美国教授成网上热话,美国一名数学教授在授课时替学生照顾宝宝，被拍下照片后在网上疯传，获得一众网民大赞。,BBC,2019-03-06
佣人跑了 李珮菁吞药轻生 送院抢救,62岁台湾“月亮歌后”李珮菁一早透过脸书自曝轻生念头，传她吞食不明数量镇静剂，已被送往医院抢救，目前暂无生命危险。李珮菁在23岁那年因脊椎手术失败，下半身瘫痪坐轮椅近40年，她虽不良于行，却仍勇敢活下去。长期关照她的台湾优质生命协会秘书长纪宝如透露，李珮菁轻生是因为作息颠倒，留不住佣人，没人可以照顾她。,Zaobao,2019-03-06
主播转行摆摊十年 红上CNN,台湾三立电视前主播杨中化2008年毅然离开新闻圈，跟着罹癌的舅舅在市场摆摊卖起贡丸，从刚入行3个月卖不出一颗，到现在平均每4秒就能卖出一颗贡丸，他顺利打响名号，从市场摊贩翻身成为网路团购王，并被CNN列为台湾必吃美食，卖贡丸也能卖出一片天。杨中化至今卖贡丸已经超过10个年头，他昨天忆起当年想转行的契机，透露当时曾到关渡宫妈祖庙祈求妈祖娘娘，盼望能让他卖贡丸超过十年，他也发愿到时将在庙口摆摊感谢妈祖的照顾。,Zaobao,2019-03-06
台灣每84人就1人失智 要有高尋獲率的關鍵是...,當你走在路上碰上失智者你會怎麼做？隨著台灣邁入高齡社會，失智人口數也逐漸龐大，根,信傳媒,2019-03-06
杨幂离婚后首度奔香港见爱女 一见媒体立刻快闪,杨幂与香港演员刘恺威去年底无预警宣布离婚，5年婚姻破局，4岁女儿“小糯米”虽然由2人共同抚养，但多半待在香港由刘恺威父母照顾，昨日（5日）媒体便在香港机场捕获到杨幂的身影。据爆料者指称，此次她是专程探望宝贝女儿。杨幂昨天穿上牛仔外套，戴上帽子、口罩，低调现身香港机场，一路上被大批媒体包围，有记者追问女儿和前夫刘恺威一事，她都低头不语，助理则是在一旁挡驾，代为回应：“不回答私人问题！”之后快步坐上保母车离去。有网民看到这一幕，心疼表示杨幂的私下行程被近距离跟拍，希望外界能多给她一点个人隐私。,Zaobao,2019-03-06
国民党在台湾大选前慎言统一,在台湾明年即将举行大选之际，国民党方面的潜在候选人对于两岸统一问题都是作模糊处理，以照顾台湾民众的意愿。,FT,2019-03-06
研究人员：一男子接受干细胞治疗后艾滋病毒消失不见,研究人员在星期二的一次大会上介绍第二起某人在接受干细胞移植并停用抗逆转录病毒药物后体内不再有艾滋病毒迹象的已知案例。,VOA,2019-03-06
運用CCMSC Model，掌握與長輩溝通的訣竅,"在與長輩互動的時候會有許多細節需要注意，而Dr. Knight在其著作""Psychotherapy with older adults""中分享了他多年來與長輩諮商的經驗。 標籤: 高齡化, 人口老化, 溝通方式, 成熟度, 世代差異, 社會環境, 高齡長照小學堂",NewsLens,2019-08-02
板橋大觀社區強制拆除 大批警力維安,在新北地院發布執行命令下，板橋大觀社區拆除作業，今天出動大批警力維護安全，過程大致順利，預計 2 天拆完。原址規劃興建長照大樓，安置失智的退除役官兵及眷屬與社區長者。,芋傳媒,2019-08-02
紐約布魯克林「公園坡好鄰居」，一個沒有圍牆的老人中心,"潔德指出，公園坡好鄰居的存在，就像未雨綢繆先建立起一道安全網。「很幸運的，我們現在都還能照顧自己。但未來我們很可能會需要有人幫忙。鄰居先認識彼此，將來才可能互相關懷。」 標籤: 紐約, 布魯克林, 公園坡, 公園坡好鄰居, 在地老化",NewsLens,2018-12-16
纪录片：美国印第安保留地上的“猎童者”,二十多年来，美国印第安人卫生服务署(Indian Health Service)的儿科医生Stanley Patrick Weber一直被怀疑是恋童癖。然而，尽管面临性侵印第安男孩、滥用药物、偷窃等一系列指控，Weber仍能调到另一处印第安保留地，继续为儿童治疗。《华尔街日报》与PBS“前线”栏目的特别调查揭露了Weber数十年逍遥法外的背后政机构运转失灵和公职人员渎职的内幕。图片合成：Adele Morgan and Mike Shum/Frontline/WSJ,WSJ,2019-02-16
厄齐尔落选阿申纳爆冷输球,两支英超劲旅在昨天进行的欧洲联赛32强首回合一喜一忧，阿申纳爆冷输给白罗斯球队鲍里索夫，切尔西则小胜瑞典冠军马尔默。上周因感冒缺阵的英超劲旅“炮兵”阿申纳（Arsenal）球星厄齐尔（Ozil）康复后又被主帅埃梅里（Emery）打入冷宫，球队在昨天凌晨的欧洲联赛即使各方数据都占优势，仍不及对手鲍里索夫（BATE Borisov）的当头一棒，以0比1马失前蹄。,Zaobao,2019-02-16
「二孩政策」碰壁》托兒所一個月就要2萬2500元！ 養孩子太貴，中國夫妻嘆：論錢論體力，都養不起第二胎,為了解決勞動力萎縮和人口老化問題，中國政府從2016年鬆綁「一胎化政策」，推動「全面二孩」政策，鼓勵夫妻生第二胎。然而高昂的教育、醫療費用和層出不窮的毒奶粉、假疫苗新聞，卻讓許多父母卻步。「美國有線電視新聞網」（CNN）13日刊出的報導訪問到幾名中國的年輕母親，她們感嘆光孩子的托,風傳媒,2019-02-16
商场跪地 大妈帮儿求婚,山东德州一名男子入伍当兵两年，女友不离不弃，还帮他照顾家人。他妈妈为了儿子的下半生幸福，上周四（14日）情人节当日在商场中帮儿子求婚，成功为儿子抱得美人归。网传影片显示，商场当时正举行情人节活动，大妈走到台上，表示要向未来媳妇表白。主持非常配合，立即请大妈的未来媳妇上台。然后大妈就单膝跪地，递上帮儿子准备的戒指说：“孩子你愿意嫁给我的儿子吗？”女子显得很感动，点头应承将大妈扶起。,Zaobao,2019-02-21
抗老延壽 明日葉含類黃酮有助清除細胞垃圾,日本植物明日葉微苦葉子向來被視為對健康有益，研究發現明日葉含類黃酮 DMC，似乎能誘發有助移除細胞垃圾的自噬作用。隨著細胞老化會累積細胞垃圾，進而引發連串疾病和失調。,芋傳媒,2019-02-21
城市設計對長者與輪椅族不友善，出門就像是一場戰鬥,"隨著醫療的進步，人類社會即將迎來史上第一次大規模的老化。到底老化有什麼問題？會帶來哪些影響？我們習以為常的城市空間又有什麼問題？ 標籤: 老年, 障礙, 輪椅, 通用設計, 無障礙設施, 老後行為, 老化, 全齡設計, 銀髮族, 高齡化, 障礙體驗, 高齡長照小學堂",NewsLens,2019-04-26
為什麼有人吃再多也不會胖？想減重不能不知的「基礎代謝率」,"隨著人體老化，基礎代謝率（BMR）大約每10年就會降低2％－3％（特別是久坐少動的人、降低的速度會再快一些）。究竟到底該如何增加基礎代謝率？為什麼有些人多吃也不會胖呢？ 標籤: 減重, 重量訓練, 重訓, BMR, 基礎代謝率, TDEE, 蛋白質, 熱量, 每日總消耗熱量",NewsLens,2018-12-30
刘德华含泪中止演唱会 花近2500新元 本地粉丝：不心疼,刘德华失声含泪中止演唱会，花近2500新元专程飞往香港准备与他跨年忠心粉丝并不失望，只希望他快快康复！刘德华的《My Love Andy Lau刘德华World Tour》跨年演唱会，昨晚（12月28日）进入第14场，岂料因失声而中途腰斩演唱会，华仔激动流泪向观众道歉，随着大会宣布演唱会中止，至于今晚以后是否如期举行，大会今早宣布取消今和明天的演唱会，至于31日则另行公布。,Zaobao,2018-12-30
用「記憶保養班」取代「失智中心」》這群人靠10件事進化長照2.0,長照2.0計畫從2017年7月正式上路後，服務項目從8項增為17項，服務網絡也開,信傳媒,2019-05-18
政府为预防失智症首设目标 70多岁人士患者比例6年减6%：朝日新聞中文网,政府于16日公布了将在2025年之前的6年之中，让70多岁人士中失智症患者的比例下降6%这一目标数值。,Asahi,2019-05-18
A水准今放榜 考获6特优 女生曾患厌食症 写书分享克服经历,曾患厌食症的女生出书分享康复过程，希望以自制的插图和笔记，提高公众对厌食症的认识。这名刚在莱佛士书院完成高中教育的学生黄欢妍（18岁）今天回校领取A水准成绩，考获六个特优的佳绩。或许旁人难把这名开朗女生与厌食症做联想，但如她想要传达的，厌食症是能找上任何人的心理疾病。她说：“出这本书也是希望消除人们对心理疾病的偏见，及早寻求帮助。”,Zaobao,2019-02-22
不惹中国又要照顾民意 哈萨克在新疆议题上走钢丝,在哈萨克总统访华前夕，揭露新疆再教育营的一名哈萨克活动人士被捕几个月后获得自由，但交换条件是，他将停止批评中国的活动。有分析认为，中国在哈萨克斯坦和中亚地区的影响继续扩大，但当地反中国情绪也在增长，哈萨克当局试图在两者间维持平衡。,VOA,2019-08-19
台大生農學院結合業者 研發農業智慧科技,為了因應極端氣候對於農業的衝擊，以及農業人口快速老化，台大生農學院與國內的無人機業者經緯航太，合作成立「先端智農實驗室」，希望透過智慧科技，提供農民更多有幫助的協助。...,PTS.org.tw,2019-08-19
台西文蛤近年育成率偏低 收成不到一半,雲林縣台西鄉文蛤養殖面積高達上千公頃，但近年來文蛤收成率越來越低，不僅養殖時間變長，也增加漁民成本。對此雲林縣農業處表示，文蛤育成率低造成原因複雜，但主要有池體老化、海水浮菌太多、底土太久沒換和...,PTS.org.tw,2019-06-23
中国仍是美国非法芬太尼最大来源地,美国国会创立的美中经济安全审查委员会11月26日就2017年有关中国流入美国的芬太尼等阿片药物的报告，发布更新简报，指尽管中国政府采取措施减少生产和出口芬太尼类药物，但中国仍是美国非法芬太尼及芬太尼类药物的最大来源地。,VOA,2018-11-28
美国餐饮业多年来不能说的秘密,在曾被视作“积极生活象征”的名厨安东尼·波登自杀后，许多厨师、餐厅老板及员工开始讲述、反思这个行业普遍存在的高压文化、药物滥用和精神疾病，并开始寻找应对办法。,WSJ,2018-11-28
《超級大腦飲食計畫》：結合間歇性斷食與低碳水飲食，增加大腦可獲得的酮,"當你有規律地飽食與禁食，身體每天都會產生自噬作用。不幸的是，今天我們少有機會讓自噬發生，因為飽食與禁食的天平永遠向飽食那一端傾斜。 標籤: 超級大腦飲食計畫, 失智, Max Lugavere, Paul Grewal, 間歇性斷食, 生酮飲食, 酮體, 自噬, 生長激素, 胰島素, 肌酸, 碳水化合物",NewsLens,2019-04-30
人類演化過程中消失的骨頭「豆骨」再次出現，可能就是你膝蓋痛的原因！,我們許多人有過膝蓋疼痛的經歷，特別是隨著年齡老化，膝蓋磨損增加。但是，現在英國帝國理工學院的專家說，在人類演化過程中被認為已經消失的膝蓋中的一塊小骨頭似乎又回來了。而它可能是造成一些人膝蓋疼痛，甚至關節炎的原因。這塊小骨頭的英文名字叫「fabella」。它長在膝蓋後面的肌腱中。醫,風傳媒,2019-04-30
小猫被拐鼻尖心形花纹成线索 失踪3周后平安获救：朝日新聞中文网,3月中旬，三重县铃鹿市发生了1起事件，1只小猫从栖居的小屋中被拐走。嫌疑人男子虽已被捕，但小猫却不在该男子家中。一直照顾小猫的女性依靠仅有的信息努力寻找，终于平安找到了小猫。寻回小猫的意外之地是……,Asahi,2019-04-30
从文员升到校长 “一生心血在新民” 公立新民最后一任校长张建昭逝世,从文员一步一脚印当上校长，毕生奉献教育界和设立基金会拨款照顾贫穷学生，淡申区公立新民学校最后一任校长张建昭，周四（12月20日）在住家与世长辞，享年90岁。张建昭遗下三名儿子、四名孙子和两名曾孙。他的二儿子张志勤（62岁，家用电器公司老板）在灵堂受访时表示，父亲曾任淡申区公立新民学校校长，见证了学校的创办和关闭，前后42载。,Zaobao,2018-12-24
美國比北韓還可怕、老年失智比癌症更糟糕！德國最新民調：所處世界比五年前更不安全,最新的一項問卷調查顯示，德國民眾將美國視為世界和平的最大威脅。德國一民調機構在周三發布有關安全議題的調查報告中，過半受訪者給出了該答案。根據戰略與高級領導中心（CentrumfürStrategieundhöhereFührung）週三（2月13日）發布的報告，56%的德國民眾認,風傳媒,2019-02-14
与FT共进下午茶：她为“喵星人”测基因,连续创业者安娜•斯卡娅创立的最新一家企业，可以提供喵星人的遗传基因报告，包括它的品种、来源地、父母和健康状况。,FT,2019-02-14
下半年试行夜间看护服务 协助照顾失智老人,护联中心今年下半年将与数间疗养院推出夜间喘息看护服务试验计划，让失智年长者的看护者在晚上能好好休息。卫生部兼律政部高级政务部长唐振辉在国会指出，患有失智症的年长者晚上有可能会很活跃，导致看护者无法好好补眠。夜间喘息看护服务将能照顾有睡眠或行为问题的失智年长者，或与他们进行活动，好让看护者可以获得充足睡眠。,Zaobao,2019-02-14
取代现有女佣雇主补贴 照顾中度残障者看护可申请新津贴,卫生部兼律政部高级政务部长唐振辉在国会宣布居家看护津贴时解释，为了让提供的经济援助更好地满足各种看护需求，卫生部决定以居家看护津贴代替女佣雇主补贴，允许看护者灵活选择如何使用这笔200元的津贴。只要家庭人均收入不超过2600元，在家照顾任何中度残障家人的看护者，下来每月都可获得200元的居家看护津贴。这么一来，看护者可视个别情况灵活使用这笔援助金。,Zaobao,2019-02-14
照顾乐龄和体障人士等 一地铁线将设优先车厢提升出行体验,陆交局受询时说，由于这是第一次在地铁网络推出优先车厢，该局仍在和公共交通业者敲定营运细节。不过，陆交局透露，获选地铁线的所有列车将设有优先车厢，列车的中间车厢将作为优先车厢。陆路交通管理局下来将在其中一条地铁线设置优先车厢，优化乐龄、体障人士和携带幼儿家庭的出行体验。,Zaobao,2019-03-08
怎麼知道該「植牙」還是做「根管治療」？30年資深牙醫師的真心勸告,台灣隨著人口老化日趨嚴重，促使牙齒修復、假牙與植牙的需求增加，也更加重視口腔的美,信傳媒,2019-03-08
SK bioland将进军干细胞治疗药物领域,,Joins,2019-06-13
【專訪】敗選後的民進黨「青年」發言人：黨的危機就是流失年輕人,"發言人李晏榕說，長遠來看黨的決策階層老化，會是個危機，秘書長羅文嘉也有看到，吸引、培養年輕人加入民進黨很重要，不然未來這個黨就會消失了。 標籤: 民進黨發言人, 李問, 李晏榕, 民進黨發言人, 民進黨, 發言人, 政治工作, 黨工, 青年參政, 青年, 執政黨, 政黨",NewsLens,2019-05-21
家在九二一震災區 林育秀研究創傷與失智症關係,中正大學資管系助理教授林育秀家在九二一震災區，她發現家鄉 20 年前創傷後壓力症候群盛行率從 7.6 %攀升至 32 %，最近獲科技部補助，將以 3 年研究創傷後症候群與失智症的關係。,芋傳媒,2019-05-21
「山手線」的存在目的，是讓台中不再是車的城市，而是人的城市,"台中是台灣第二大都市，未來人口老化及資源整合集中，都市規模的將日益巨大，鐵路的行車平穩、時間的穩定準確，是降低私人運具時的較合適選擇，而山手線的建設，是完成此一願景的重要關鍵。 標籤: 山手線, 台中市, 盧秀燕, 輕軌, 捷運, 前瞻二期",NewsLens,2018-12-29
义顺墨镜嫂一年36次扰邻 缓刑半年,义顺“墨镜嫂”一年多来36次骚扰邻居而惹祸上身，今早坐轮椅出庭被判接受半年缓刑监视，庭上揭露她患有失智症。《新明日报》之前报道，在义顺环路第112座组屋。一名“墨镜嫂”夜夜洒盐、泼油、卤汁、尿，还扔厕纸和卫生棉，两邻居叫苦连天，以木板和椅子筑起“防护墙”。,Zaobao,2018-12-29
“警察虐狗”推文疯转 新潟县警否认所写内容：朝日新聞中文网,目前推特上正在流传1条推文，内容是关于1只由新潟县警保护的狗，说它“没饲料吃也没水喝，很是衰弱”，警方因此陆续收到投诉电话及邮件。对此，县警否认表示“给饲料也给水，一直切实照顾着”。,Asahi,2018-12-29
图片中的2018年,回顾、展望：我们选取了即将过去的一年中最为引人注目的摄影图片。药物成瘾危机、枪支泛滥、移民的悲剧……这些照片关乎过去，更关乎未来。,NYTimes,2018-12-29
想培养完美孩子？别管孩子,埃利森：多年前，我曾请一个爱尔兰女子照顾我的女儿。她把我的要求完全抛在脑后，但最终我感激她付出的一切。,FT,2019-02-03
去年10月推出 “失智症之友”手机应用助寻获50多名患者,“失智症之友”手机应用已有4500多人登记。护联中心透露，报失踪的失智症患者，年龄介于50岁至90岁。每一名失踪者都在10小时内寻获，有的自行回家，一些是由家人或善心公众寻获。原本只是例常的夜间遛狗活动，林明才意外通过“失智症之友”的应用通知，及时协助一户家庭寻回失踪的失智症家人。,Zaobao,2019-03-14
國健署邀阿公阿嬤尬舞 參賽者超過14萬歲,全台 65 歲以上老人已突破 352 萬人，為活躍老化並預防失能，國健署連續 9 年舉辦銀髮舞蹈比賽，今年共有 59 支隊伍報名，累計超過 14 萬歲的阿公、阿嬤將上台尬舞，一圓舞台夢。,芋傳媒,2019-08-13
《真情》“上等人”梁舜燕离世 享年90岁,香港资深演员梁舜燕离世，享年90岁。曾在经典港剧《真情》扮演“上等人”一角的香港资深演员梁舜燕（Lily姐）日前传出患癌，她的家人今天（8月13日）发讣文，指梁舜燕今午在亲属的陪伴下，于医院安详离世。亲属也在文中感谢医疗人员的悉心照顾，并感激各界多年来对Lily姐的爱戴，缔造其在艺坛60余载的不朽传奇。丧礼仪式待亲属安排后再作交代。梁舜燕1929年1月7日出生，籍贯广东新会，于庇理罗士女子中学毕业，是虔诚的天主教徒。,Zaobao,2019-08-13
飲食中碳水化合物比例高達85％，沖繩人為何仍健康又長壽？,"沖繩人不僅活得久，更重要的是他們身體還很頗硬朗，年紀超過90歲依然很有元氣，老化相關的疾病也比較慢出現。基因、生活環境，還有飲食都可能跟他們比較長壽與健康有關係。那麼，到底是什麼樣的飲食模式呢？ 標籤: 營養師, 營養, 人瑞, 地瓜, 傳統沖繩飲食, 碳水化合物, 長壽, 生活食安小學堂",NewsLens,2019-05-03
美国药管局批准一款骨痛热疫苗,美国食品和药物管理局（FDA）2日批准了一款骨痛热疫苗，用于预防全部四类病毒血清型导致的骨痛热，面向曾感染过骨痛热病毒的9岁到16岁青少年。首次感染骨痛热病毒通常没有症状，或症状轻微，第二次感染却会引发危险的骨痛热，大约95%的严重病例与第二次感染有关。美药管局说，这款疫苗进行了三项随机临床试验，以波多黎各、拉丁美洲和亚太地区的骨痛热流行区约3.5万人为对象，其中76%的人显示有效预防了二次感染。,Zaobao,2019-05-03
胡佳琪连环贴照 要光明正大爱冯伟衷,本地男星冯伟衷在新西兰因军训伤重过世，女友胡佳琪在IG以多张照片和贴文悼念男友，字字句句流露对冯伟衷离世的悲伤和不舍。胡佳琪和冯伟衷2015年传出绯闻，不过两人当时都否认。如今男友过世，胡佳琪在IG悼念，才让恋情曝光，但不知两人是何时开始拍拖。从胡佳琪前晚的贴文可以知道，她在新西兰送冯伟衷最后一程。她晚上11点在IG贴出一张两人最后的“合照”，是她握着男友的手，还有一张两人以前的合照。她贴文：“这一生没有福气当你的妻子，我们来生一定要当夫妻，我爱你，我真的很爱很爱你，谢谢你这几年来的照顾，永远都爱着你，请你一路走好，多多发梦来找我，懂吗?”,Zaobao,2019-01-25
植物人遭性侵产子 DNA揪出疗养院护士,美国亚利桑那州凤凰城哈辛达疗养院的一名女植物人病患早前遭性侵生子，惊动警方和医院，并展开全院男性员工查验DNA。凤凰城市长昨宣布，警方已逮捕一名涉嫌性侵这名女病患的36岁男护士萨瑟兰。警方以性侵和虐待弱势成人罪逮捕这名男护士。这名男护士在该疗养院工作约8年，负责照护受害的女病患。而女病患产下的男婴目前由其家属照顾，男婴的身体状况非常良好。,Zaobao,2019-01-25
全球经济放缓对美国政治影响几何？,全球政坛和商界领袖本周聚于瑞士达沃斯探讨新一年的经济形势。中国和欧洲的经济数据引发担忧；美国方面，贸易争端加之减税刺激作用减退，经济增长可能不及预期；最新的全球贸易数据也不尽如人意。在经济放缓的阴云笼罩全球之际，特朗普的对华贸易政策、美国国会的预算案、美联储的利率调控以及2020年总统竞选将会受何影响？这则视频进行了分析。图片来源：Getty Images,WSJ,2019-01-25
美国当局逮捕了非法开具阿片类药物的医务人员,美国当局对53名医疗专业人员提出指控，其中包括31名医生，罪名是非法开阿片类药物和其它危险药物的处方，有时是为了换取性交易。联邦官员星期三在俄亥俄州辛辛那提宣布这项决定时说，他们的调查还在继续。美国之音记者霍克报道。,VOA,2019-04-19
英国版“我不是药神”：女子细说得而复失的救命药,医学伦理要求药厂在测试新药物并发现对病人有帮助后，必须继续向参与测试的病人提供帮忙。但现实并非如此。,BBC,2019-04-19
关节炎治疗药物Invossa被吊销许可应成为韩生物产业契机,,Joins,2019-05-29
库德洛：习近平在G20会面中毫不犹豫地答应了特朗普两件事,周二，在《华尔街日报》举办的CEO  Council上，美国全国经济委员会主任库德洛表示在G20峰会后的晚宴上，他看到了特朗普和习近平之间“真正的化学反应”。他谈到习近平几乎毫不犹豫地同意了特朗普提出的两个要求：将芬太尼重新列为管制药物，以及重新考虑放行高通收购恩智浦的交易。,WSJ,2018-12-06
別讓「文組生」學非所用：如何在全球趨勢下找到台灣的文化定位？,"教改後的世代與劃出了一大鴻溝，也具備不一樣的能力，但許多人卻都「學非所用」，在世界急遽變化之際，「年輕文組」的責任其實在於認清台灣的風格，搭建起世代和族群中的溝通橋樑，進而用這樣的共同意志帶台灣走入國際。 標籤: 全球化, 產業轉型, 台灣價值, 文化, 溝通, 品牌, 文創, 老化",NewsLens,2019-08-29
荷蘭首例！忘記曾簽署安樂死聲明……失智老婦臨死抵抗施打藥劑，醫師「因未充分理解意願」遭到起訴,荷蘭是世界上第一個通過安樂死合法化的國家，其執行條件是，經專業醫療人員多次嚴格審核，確定「無任何機會與希望」可以改善「患者不堪忍受的痛苦」，患者方可選擇接受安樂死。這不僅適用於重症患者，部分心理疾病和失智症患者也適用。2016年，荷蘭出現第一起醫師因安樂死糾紛遭起訴的案件，74歲,風傳媒,2019-08-29
三位「失智卻不失志」的生命鬥士，如何優雅地與失智共舞？,"他們的生命依舊多彩，沒有被失智症蒙上宿命的陰影，為什麼這三位「失智，卻不失志」的生命鬥士，仍能優雅的「與失智共舞」呢？我訪談並觀看完三部短片後，發現原來他們擁有三大共通點。 標籤: 失智症, 與失智共舞, 生活型態, 延緩退化, 生命價值",NewsLens,2019-02-17
2050年人類可到150歲？主要死因恐將是「自殺」,人類從古自今始終關注長生不老的研究，日媒表示，華盛頓大學教授今井真一郎等人發現具有抑制老化功能的長壽基因，並找出能使該基因產生的酶保持活力的物質，「將用2到3年證明對人是否有效」，若搭配其他研究得以推進，2050年人類將接近不老不死，主要死因可能將會是「自殺」。據《日經中文網》報導，華盛頓大學教授今,NewTalk.tw,2019-02-17
失智妇为寻儿子 从泰国走到云南,泰国曼谷一名患有失智症的妇人，早前离家出走，寻找住在附近的儿子。但一离开家门就是8个月，她竟不知不觉地徒步抵达逾640公里以外的中国云南。妇人周五（15日）获送返泰国，暂未知以何路线越过老挝、缅甸等国边界。59岁的阿里阿于去年6月12日离开清莱府的住家后，一直失踪。她上月底在中国昆明被人发现时，身上仍然持有一张泰国身份证，当地的官员与大使馆联络。,Zaobao,2019-02-17
国际特稿：韩国老人退休怕失业,人口老龄化是现今世界面对的问题，韩国的情况格外严峻。经济合作与发展组织的资料显示，超过60岁的韩国高龄人口雇佣率和贫困率，都是世界之最。韩国法定退休年龄为60岁，但实际上法定退休到来时，韩国人却不得不重新找工作——由于前半生收入几乎都花在儿女身上，老来养老金微薄，加上子女自顾不暇无力奉养，一般韩国老人必须自力更生，放下身段寻求按日按时计酬的“低质量”工作，赚取些微收入维持生活，平均工作到72岁才真正退休。,Zaobao,2019-02-24
陈振声：立国一代配套以三四十年长远期限作考量,贸工部长陈振声在回应坊间质疑立国一代配套的可持续性时强调，61亿元的立国一代配套是以三四十年的长远期限作考量。陈振声昨午（2月23日）出席民情联系组与电台96.3好FM合办的华语对话会，在与会者小组分享后，向他们讲解预算案如何制定时指出这点。他说，最近有报章评论立国一代这类配套有结构性问题，认为以这样的方式照顾每一代人是难以持续的。陈振声指出，政府在承诺立国一代配套前是以三四十年的长远期限作考量。,Zaobao,2019-02-24
失智老人乱提款易受骗 万亿日元资产岌岌可危,京都府立医科大学心理学教授成本迅指出，与失智者进行商业交易可能导致企业面对风险，因为患者家属可能上门要求取消交易。（东京路透电）在日本这个老龄化和寿命都位居世界前列的社会，失智老人多达数百万人。由于认知功能衰退，他们连生活都无法自理，更别说打理个人资产，所以不时有失智老人糊里糊涂提取巨款或是钱财被骗。,Zaobao,2018-12-15
每年冬天与猪同眠 靓女人工呼吸救逾400小猪,湖南黄石市27岁女子肖芳六年前接手经营父亲养猪场生意。为悉心照顾初生小猪，以及提高母猪自然分娩的存活率，她竟每年冬天搬入猪栏与猪过冬。为了救活小猪，她更不惜利用嘴对嘴人工呼吸，至今已救活400多只小猪。据肖芳介绍，父亲以前经营煤矿厂，2008年猪价上涨，决定投资300多万元人民币（约59万新元）养猪场。初中毕业后，肖芳生了一场大病，病愈后便一直在父亲的养猪场工作。,Zaobao,2018-12-15
嗅臭袜上瘾 男子真菌侵肺,福建漳州一名38岁的彭姓男子，本月初因持续咳嗽、胸闷，到医院求诊，检查后证实肺部受真菌感染，但一直原因不明。直到护士无意间看见彭男的小动作，发现他有闻臭袜的癖好，且对该种味道已完全上瘾，才明白一切。知道病因接受针对性治疗后，病人恢复情况良好。医生指出，肺真菌病主要与免疫力有关，呼吸道感染的情况较罕见，不过“一旦吸入真菌量大，超过了人的机体防御功能时，就可能发病”。而彭男因照顾小孩经常熬夜，导致免疫力下降，也可能是患病原因。,Zaobao,2018-12-15
知识贴：你知道感冒和流感有什么区别吗？,如果得了流感和感冒，都有哪些招可以帮你尽快康复？,BBC,2018-12-15
动物人类 同等照顾,陈一慧过去六年在动物园担任兽医助理，目前任职于鹰阁医院当放射照像技术员。无论什么病患，她都一视同仁，悉心照顾。曾在动物园悉心照顾生病受伤的动物，目前在鹰阁医院当放射照像技术员，无论是照料动物或人类，陈一慧（36岁）总为病患尽心尽力。陈一慧过去六年在动物园担任兽医助理，负责照顾猴子和蟒蛇等动物，以及人工养育动物宝宝。,Zaobao,2018-12-15
女婴出生14天 一吻染疱疹夭折,英国一名刚出生的女婴，因被成人亲吻而感染疱疹病毒，短短14天就不幸离世，她的父母因此伤心欲绝，劝吁其他家长“千万不要亲吻婴儿”。30岁的伊内森今年7月和26岁未婚夫汤马斯的爱情结晶伽罗平安出生，两人也细心地照顾，不让没有洗手或看起来状况不佳的人靠近女儿。岂料，伽罗出生10日后体重突然下降，伊内森及汤马斯立即将爱女送医检查，证实患上新生儿疱疹。医生指，伽罗最有可能通过亲吻感染病毒，伊内森闻讯后痛哭。,Zaobao,2018-12-15
「滾動執行」已兩年的長照2.0，未來會有健全的一天嗎？,"長照2.0雖不致病入膏肓，但發展至今，問題也盤根錯結，一路且戰且走的衛福部應重新檢視問題之所在，分別從政策及組織面改進；以政策科學方法，進行政策評估，並重塑組織文化、檢討組織結構，加速完成電腦系統、相關法規子法等建制，強化溝通與宣傳能量，期望能在2020年先健全長照2.0體系的基礎建設。 標籤: 長照2.0, 民進黨, 衛福部, 支付制度, 居家服務, 長照ABC, 社區整體照顧模式, 出院準備服務, 共照中心, 認知症, 失智症",NewsLens,2018-12-15
习近平促朝美相向而行,中国国家主席习近平星期五对来访的朝鲜外务相李勇浩说，中国希望朝鲜和美国都作出妥协，“双方相向而行，照顾彼此合理关切”。,VOA,2018-12-08
被同伴称为怪兽 ‘银眼’女孩摘双目展欢颜,美国一对夫妇奥斯汀2016年从中国收养一名天生有青光眼的孤女普利姆罗斯，怎料她不只因为眼球颜色异常被其他小孩称为“怪兽”孤立，8个月前更突然因为眼睛无故开始剧痛而大量出汗、每天痛哭16小时且拒绝进食。养父母唯有忍痛决定让医生为她摘除双眼，结果她迅速康复，手术后短短两天已可步行，而且终于能够欢笑。,Zaobao,2019-03-18
《抗氧化物的奇蹟》：為什麼陽光對皮膚的傷害如此劇烈而深入？,"把你臉上的皮膚和平常很少照到陽光的皮膚做一下比較，就可以清楚的看到不同。大多數人臉上的皮膚看起來一定比較老，有著比較粗糙的質地，或許還有皺紋和一些晒斑。但是照不到陽光的部位，肌膚通常是平滑、柔潤、沒有皺紋的。 標籤: 陽光, 皮膚癌, 老化, 抗氧化, 抗氧化物的奇蹟, 萊斯特派克、卡羅科曼",NewsLens,2019-04-28
還在玩老化濾鏡？「FaceApp」蒐集8000萬人臉，傳出安全疑慮！專家警告：俄羅斯開發者能任意存取用戶圖像,繼前陣子snapchat的「童顏濾鏡」風潮後，近日，俄羅斯無線實驗室公司推出的另一款變臉軟體「FaceApp」在instagram上又掀起一股年齡挑戰熱潮，許多名人如饒舌歌手德瑞克、「詹皇」勒布朗・詹姆士、強納斯兄弟及南韓知名演員朴敘俊等都透過FaceApp製作自己變老模樣的照片,風傳媒,2019-07-19
金正恩视察平壤大城百货商店,朝中社8日报道，朝鲜领导人金正恩视察了即将开业的平壤大城百货商店。韩联社引述该报道称，金正恩了解了百货商店改建、扩建工程施工和营业准备情况，对首都地区又多一个提高人民物质文化生活质量的综合服务基地表示满意。他要求百货商店充足备货满足人民需求，保障人民生活便利。朝鲜劳动党中央副委员长崔龙海、安正秀等党政领导陪同视察。,Zaobao,2019-04-08
梁國源專欄：當四朵烏雲「同在一起」,當前全球經濟面臨的風險不止於四朵烏雲的表象，更在於其彼此交纏，以及背後的人口老化、生產力成長減緩、民粹主義興起及財政預算浮濫等結構性問題，絕非頭痛醫頭、腳痛醫腳可解決。今年二月國際貨幣基金組織（ＩＭＦ）主席拉加德（ChristineLagarde）指出，當前全球經濟受四朵烏雲籠罩,風傳媒,2019-04-08
研究：红辣椒有助延缓肺癌扩散,美国一项新研究显示，红辣椒中含有的天然化合物——辣椒素，可延缓肺癌进展，未来有望以此开发抗癌药物，与化学疗法联用抗癌。新华社报道，美国马歇尔大学研究人员日前在美国研究病理学学会年会上报告了这一成果。研究人员介绍，肺癌细胞可能会向身体其他部位转移，使治疗变得更加困难；而最新研究发现，红辣椒中的辣椒素可使肺癌细胞转移放缓。,Zaobao,2019-04-08
男婴一天内 25次心脏病发,英国19个月大的男婴弗莱看起来和一般宝宝无异，但没人想到他一岁生日前共经历了30次心脏病发，最高纪录是在9个月大时一天病发25次，应该是全英心脏病发的“纪录保持者”。弗莱的母亲说，他出生仅八天便要和死神对抗，进行过17次手术，一度以为康复，但不久后又病发，而且每次病发的情况都“很恐怖”。她表示，非常担心儿子再也承受不了。,Zaobao,2019-01-22
中国人口老龄化危机：2018拐点？,在出生率不断下降的情况下，中国的社会、经济以及政治会受到什么样的影响？,RFA,2019-01-22
重庆公民广场演讲“罢免习近平”遭刑拘,张吉林的妻子对本台证实，其丈夫被刑事拘留。现有一8岁孩子需要照顾。记者在“岳家枪”的演讲录音中，听到其要求罢免中共总书记习近平。,RFA,2019-01-22
VOA连线(乔栈)：特朗普就阿片危机发表讲话，感谢中国严控芬太尼,美国总统特朗普与第一夫人梅拉妮娅出席应对药物滥用与海洛因问题的峰会。白宫表示，特朗普政府将持续采取行动，打击国际与国内非法药物供应商，减少美国国内需求，并且帮助美国民众抗击药物成瘾问题。美国之音记者乔栈介绍了详情。,VOA,2019-04-25
美国观察 2019年4月25日,特朗普总统与第一夫人梅拉妮娅，出席应对药物滥用与毒品峰会；白宫表示，特朗普政府将就有关问题持续采取行动。路透社报道说，北京将在本周的一带一路峰会上，对倡议内容做一些调整，以缓解外界的担忧,VOA,2019-04-25
獨留失智婦 女外籍看護判刑6月驅逐出境定讞,印尼籍看護文文擔任一名失智婦人看護，因不滿遭婦人咬、打，將婦人綁在輪椅上後不告而別。高院依遺棄罪判文文 6 月徒刑，刑後驅逐出境。最高法院今天駁回上訴，全案定讞。,芋傳媒,2019-04-25
台博館與北市聯醫打造「失智友善博物館」 關懷、外出成另類處方箋,台博館攜手北市聯醫簽訂合作備忘錄共同打造「失智友善博物館」，透過訓練志工進行導覽，及定期舉辦有趣的展覽活動，讓診療方式變得更有趣，也讓患者活得更有尊嚴及品質。,TWNews,2019-05-07
金燕玲罹癌切子宫保命,64岁香港女星金燕玲前天在同性密友苏施黄（阿苏）的电台节目坦承，上个月初发现罹患子宫癌第1期，已开刀切除淋巴、子宫和盲肠，未来要接受6次化疗。在国外开餐厅的妹妹特地飞回香港照顾她，姐妹俩十几年来第一次谈心很开心。金燕玲自揭罹癌经过：“我2005年得过乳癌，身边人最大的帮忙就是别吭声，所以我们没讨论过这个病。”她女儿远在英国，除了阿苏，就只有好友关之琳知情，直到开刀后才告知家人。,Zaobao,2019-03-10
阿明吃冰庆生,炎炎夏日，新加坡动物园大猩猩阿明在访客的祝福声中，舔着水果冰棒欢庆八岁生日。根据野生动物保育集团发布的文告，照顾阿明的工作人员昨天特别准备了彩色水果冰棒让它享用。园内年纪最小的两岁猩猩坎萨（Khansa）还“一脸羡慕”地望着阿明。除了有多名访客特别为阿明高唱生日歌，超过千名网友也透过野生动物保育集团面簿直播同步为阿明庆生。,Zaobao,2019-03-10
轮椅男拉失智母天天“回老家” 一绳系母子情,母子情深！一条绳子系着两张轮椅，也紧紧系着一对母子的感情。44岁轮椅男用绳牵着坐在轮椅的74岁失智聋哑母，过去三年来，天天花三小时搭地铁，从盛港住家来返牛车水，在咖啡店坐上四小时，只因母亲不舍老地方，要到这里找老街坊聊天。一名读者告诉《联合晚报》，他在牛车水克罗士街（Cross Street）第34座组屋，经常见到一对以轮椅代步的母子出现在咖啡店，一呆就是整个上午，下午时分才离开。,Zaobao,2019-03-10
香港特稿：大湾区朦胧 港人看不清,《粤港澳大湾区发展规划纲要》上月公布，香港社会支持与反对加入大湾区的争议升温，香港特首林郑月娥以“苏州过后无艇搭”形容大湾区对香港的意义；她提醒香港人：时间不等人。2015年中国有关“一带一路”的国家文件中首次提及“粤港澳大湾区”（简称“大湾区”）。2017年，国务院总理李克强将“大湾区”纳入政府工作报告中，具体的《粤港澳大湾区发展规划纲要》（简称《纲要》）上月正式公布。,Zaobao,2019-03-10
两种实验性埃博拉治疗药物降低了患者死亡率,周一公布的一项医学试验的初步数据显示，两种实验性埃博拉治疗药物显著提高了患者的存活几率，为阻止埃博拉疫情爆发带来了新的希望。,WSJ,2019-08-14
日本65歲以上高齡駕駛肇事率近2成 各地「老司機」自主返還駕照,日本日前通過《道路交通法》修正案，自2017年3月起，加強75歲以上高齡駕駛的認知功能檢查，一旦被醫師判定有罹患失智症的可能性，便可依醫師診斷證明，收回高齡駕駛的駕照。新法上路以來，沖繩縣內已有4起撤銷駕照的案例，且與2014年的數據相比，有多達2倍的高齡駕駛開始自主返還駕照；東,風傳媒,2019-05-11
台北市屋齡老化嚴重 柯Ｐ有三大挑戰正待解決,據統計，目前台灣危老建物重建的申請案，全國已達273件，其中已核定148件，光今,信傳媒,2019-07-23
贸易战牺牲品：美国樱桃,中美贸易战开打，双方互加关税。在中方报复名单中，美国农产品首当其冲。而一度被中国中产阶级视为“生活质量“象征之一的美国樱桃，在中国的市场份额因此大幅萎缩。,DW,2019-07-23
高榮屏東分院護理之家啟用 擴增至299床,屏東縣 65 歲以上老年人口已超過 13 萬人，因應地方人口老化長期照護需求殷切，高雄榮民總醫院屏東分院護理之家原設置 100 床，新建擴增至 299 床，新建護理之家今天開幕啟用。,芋傳媒,2019-07-23
助年長者對抗孤獨 新加坡租借花園鼓勵村里精神,新加坡是全球老化速度第 2 快的國家，僅次南韓，但成千上萬老人在都市化的同時感到孤苦伶仃。為遏止節節攀升的長者自殺率，當局推動綠化活動，透過讓長者栽種植物打擊寂寞。,芋傳媒,2019-07-23
称父病回乡离新没2小时被追债 借5组阿窿女佣急跑路,女佣欠阿窿跑路，称父亲病重要回乡探病，刚离新不到两小时，追债电话马上来，一周内五组阿窿拨电和上门追债，吓得82岁阿嫲惶惶不可终日。这名女佣是40岁的莎丽，来自印度尼西亚。女佣的雇主李伟平（48岁，销售员）说，他在前年雇请莎丽，负责照顾82岁独居母亲的起居饮食。他说，女佣的表现不错，他打算在女佣约满后再跟她续约，不料本月1日，女佣突然说在印度尼西亚家乡的父亲病重，被送进加护病房，她得回乡探望老人家。,Zaobao,2019-05-01
离开华研半年 田馥甄与新东家合作,S.H.E去年9月底和老东家华研约满，任家萱（Selina）、田馥甄（Hebe），还有Ella（陈嘉桦）都选择离开不续约，各自成立自家公司。其中田馥甄成立公司“乐来乐好”，离巢半年后，昨日终于传出新消息，她将与新公司“何乐音乐”合作。据悉，她过去在华研合作时的部门主管，也过档到这家新公司，因此田馥甄选择和这家公司合作，也并非完全是意料之外的事。田馥甄近日才忙完音乐节演出，今天（4月30日）将会举行记者会，宣布与何乐音乐结盟合作。而她近日也受邀代言知名人参品牌“正官庄”，拍广告时她说：“我相信美丽是由内到外的，身体照顾好了，就会自然而然地变美丽。”,Zaobao,2019-05-01
蕭徐行觀點》天災經濟老化  令和時代的巨大挑戰,日本天皇明仁以自己年事已高，想退居幕後為名正式退位，讓位其子德仁接任天皇，開啟日本新的「令和」時代。「平成」是日本近代第一個沒有經歷戰爭的承平年代，雖然平成時代日本成為了世界主要經濟大國，但卻也是天災不斷，社會老化與經濟停滯的30年。如今接手的「令和」面對垂垂老矣的國度，中國政治經濟的強大競爭壓力與,NewTalk.tw,2019-05-01
老人煮的菜越來越咸 哪里出问题？,一些子女发现母亲煮的菜越來越咸，担心味蕾出了问题。什么原因会导致老年人的味觉产生变化？且听本地专科医生的解析和建议。莱佛士内科医疗中心风湿关节科顾问医生张荣耀接受《活得好》访问时说，有许多原因使老年人的味觉产生变化，最常见的是服用药物（如抗生素）所导致。另外，嗅觉变弱也会影响味觉。,Zaobao,2019-03-02
干眼和口干 未必是干燥综合征,干燥综合征较常影响女性，为何？是否能防治？且听本地专科医生的解析。莱佛士内科医疗中心风湿关节科顾问医生张荣耀接受《活得好》访问时说，本地没有干燥综合征患者的数据，但全国研究显示，患者约为全国人口的0.5％。张医生指出，目前还没查出真正病因，但很可能是遗传。,Zaobao,2019-03-02
中国制药公司高管涉嫌贩毒在美遭逮捕,美国司法部表示，一名中国制药公司高管在洛杉矶被逮捕，他被指控贩毒和洗钱，其中包括向美国境内输送芬太尼类药物。,VOA,2019-05-25
微生物 - 我们肠道中的健康标兵,一项新发现让科学家们开始重新思考人体的组成，人为什么会生病，以及如何保持健康。新的调查估计我们只有43%是人类细胞，其余则是微生物，它们影响着我们的健康、心情以及药物反应。,VOA,2019-05-31
小猫被拐鼻尖心形花纹成线索 失踪3周后平安获救：朝日新聞中文网,3月中旬，三重县铃鹿市发生了1起事件，1只小猫从栖居的小屋中被拐走。嫌疑人男子虽已被捕，但小猫却不在该男子家中。一直照顾小猫的女性依靠仅有的信息努力寻找，终于平安找到了小猫。寻回小猫的意外之地是……,Asahi,2019-05-31
「阿茲海默症藥物試驗」突然終止，3000名實驗患者備感驚訝,"如果數據顯示aducanumab能夠如預期的減少類澱粉蛋白，但是患者整體的認知能力仍沒有進步，那我們就得考慮是否要繼續將焦點放在類澱粉蛋白上來找出治療方法。 標籤: aducanumab, 臨床試驗, 阿茲海默症, 失智, 類澱粉蛋白, tau",NewsLens,2019-04-12
诈骗集团 卖“抗癌药” 成本4角卖千元,大连有犯罪集团通过美容院，以免费旅游诱骗受害人到泰国旅游，期间被安排参加免费体检，继而找来“医生”为他们解读验身报，指测出“患癌风险极高”，进而诱骗购买名为“癌盾”的药物。案情揭露，每粒成本2元人民币（约新币4角钱）的“药物”竟以6666元（约1320新元）的天价出售。有受害者家属发现，所谓抗癌药的主要成份是糖。该集团涉及逾2000宗诈骗案，涉额高达10亿元（约1.98亿新元），当局共捕132名疑犯，上周五将案件交检方审查起诉。,Zaobao,2019-01-04
「抗膽鹼藥物」是否與較高的失智症風險有關？,"若真要檢視抗膽鹼藥物是否對罹患失智症的風險產生影響，研究人員必須找一群正在服藥的受試者，要求他們停止服用後，再將他們罹患失智症的比率與持續服藥的人相比，看看兩者間是否有任何差距。 標籤: 抗膽鹼藥物, 阿茲海默症, 失智症, 乙醯膽鹼",NewsLens,2019-07-22
為何現行糖尿病預防失效？醫師：看「這個數值」比血糖更早偵測糖尿病風險,隨著人口快速老化、吃太好、少運動，加上肥胖盛行，全球每8秒，就有1人死於糖尿病，,信傳媒,2018-12-19
交流站：为无障碍设施加建遮篷,我住在武吉宝美路，最近母亲因为行动不便，须以轮椅代步。12月正值雨季，我推母亲外出时，发现无障碍走道都没有遮篷，我们必须在组屋底层等雨停，才可以回家。让我感到纳闷的是，为什么在建无障碍走道时，没有照顾到这些行动不便的老人？每次要出门，都要看天气，尤其最近要带母亲到附近的诊所看牙医，却因为下雨而必须一再改时间。,Zaobao,2018-12-19
跨国药企新药首次先于西方市场在中国获批,中国药品监管机构已批准阿斯利康和Fibrogen Inc.的治疗贫血药物罗沙司他上市，这是跨国药企一款新药首次先于其他任何市场在中国获批。,WSJ,2018-12-19
如何改善婴孩与儿童肌肤问题,不同年龄层出现的肌肤状况不同。如何保持肌肤健康？本期《活得好》请新加坡全国皮肤中心皮肤专科顾问医生陈丝韵谈婴孩和儿童常见的肌肤问题以及提供改善的建议。①婴幼童： 婴孩和幼童的肌肤较薄、较嫩，更易受到刺激、发炎，但，多数肌肤状况是暂时性的，加强护理一般可缓解。如果情况严重，才需使用外用类固醇或口服药物。,Zaobao,2019-01-10
法国总统马克龙支持率上升,法国周一公布的最新民调显示，由于法国民众对“黄背心”反政府示威活动的支持度减退，使到总统马克龙的支持率近期回弹。民调机构Odoxa本月20日至21日在网上展开的民调指出，认为马克龙是好总统的受访民众增至32％，与他在“黄背心”运动去年11月刚爆发时的支持率一样。马克龙去年12月的支持率下滑至只有27％，是他担任总统以来最低的一次。,Zaobao,2019-02-25
「我要當機了」《初戀的情人》道出高齡社會下的失智患者心聲,2018年台灣偶像劇《初戀的情人》，經由描述中年人的愛情觀與婚姻生活，探討早發性,信傳媒,2019-02-25
走进美国：德州牧场饲养5百只奇珍异兽,被野生动物包围环绕，饲养它们并照顾它们的下一代是蒂芙尼·泽希廷这辈子最想从事的工作，她在德州自家的牧场上养了500只野生动物，是这群动物们不折不扣的人类“母亲”。,VOA,2019-02-27
喝四口药没流泪 台湾主播傅达仁安乐死最后画面曝光,因长期遭受胰腺癌折磨，台湾著名体育主播傅达仁于2018年6月份不堪病痛去瑞士执行了安乐死，享年85岁。时过境迁，如今距离傅达仁离世也过去了半年有余，近日，其家人也在傅达仁生前的要求下，公开了他离世前的最后画面，场面十分让人动容。据视频内容显示，在喝药之前的傅达仁，在面对指导医师时并未有着任何慌张，反而是一脸坦然地问：“一口吞吗？两口可以吗？” 但因为安乐死的药物十分之苦，担心傅达仁无法忍受味道的药师则表示两到三口都可以，只要尽快吞下去即可。,Zaobao,2019-02-27
调查：逾四成受访者 希望退休后仍可灵活工作或当义工,一项最新调查显示，新加坡人的退休观念正在蜕变。超出四成的受访者希望，金钱充足之余，退休后仍可灵活地工作、兼职或当义工。这个比率明显高于全球平均和区域平均。这项网络调查由资产管理公司贝莱德（Blackrock）在去年7月至8月间进行，访问了13个国家的2万7000人。其中，1500名来自新加坡，年龄介于25至74岁。该调查试图探讨，在人口逐渐老化之际，国人能否从容退休。,Zaobao,2019-02-27
美国万花筒：特朗普寄望连任；一位退伍军人的康复之路；泰勒·斯威夫特和贾斯汀·比伯网上开战,美国总统特朗普说自己有强大的后盾，那么，谁是他的支持者？我们还要来关注一位退伍军人身心康复的艰难历程；另外，流行歌星泰勒·斯威夫特和贾斯汀·比伯在网上开战，引起哗然。大家好，欢迎收看美国万花筒，我是叶凡，我们首先来看本周简讯--《大千视界》。,VOA,2019-07-07
疑吃幼儿园外包餐 三姐弟发烧腹泻,又一起幼儿园食物中毒事件！36岁项目经理指三名儿女疑在幼儿园吃了包括冬瓜蔬菜汤和鱼排的午餐后，轮流腹泻和发烧，18个月大的小女儿更是需送院诊治。小女儿入院时，赫然发现至少有另五名学生也因腹泻和发烧被送院。上周四，位于康埔桦弯第290A座组屋的人民行动党社区基金会（PCF）Sparkletots幼儿园读书的孩子，陆续因发烧腹泻而提早带回家照顾观察。,Zaobao,2019-03-27
孙东耀：创新与2019年财政预算案,自2月19日财政部长王瑞杰发表2019年财政年度政府预算案后，民众反应非常热烈。这不仅是一个普惠方案，覆盖范围从以前的建国一代延伸到立国一代，惠及所有中小学生，也对低收入家庭提供更多援助；而且国际影响甚远，比如在东南亚率先征收碳税，既照顾到国人切身利益，还响应了《巴黎气候协定》，也将成为国际上负责任国家的表率。,Zaobao,2019-03-27
央行認證人口老化帶來隱憂 捨不得花錢難拚經濟,台灣經濟模式轉為倚賴內需，但民間消費增速連 3 年低於經濟成長，且台灣為數眾多的中高齡者，也被央行總裁楊金龍認證，比起花錢更愛存錢，顯見人口結構轉變將不利衝刺內需，將帶來經濟隱憂。,芋傳媒,2019-07-15
長照需求人口7年後破百萬！平均每日工時11小時、連續工作8年無給職… 一窺照顧者困境,全年無休、無薪、無輪班替手、平均日工時逾11小時、工作年數7.8年…，什麼工作血汗至此？怎會有人做？不要懷疑，為了照顧年邁失能的家人，越來越多國人被迫兼職，甚至成為全職的家庭照顧者。衛福部更指出，台灣人口快速老化，推估2026年國內長照需求人口將一舉突破百萬，屆時放眼望去，能置身,風傳媒,2019-07-15
嘉義六腳鄉藝術學堂 提升老人美學敏感度,六腳鄉的人口老化比例是嘉義縣各鄉鎮之冠。根據統計，平均每五個人就有一個是老人，因此特別設置藝術美學學堂，讓高齡人口可以在閒暇時間學習藝術。...,PTS.org.tw,2019-06-17
调查：本地七成失智症国人感到寂寞和被排斥,本地七成的失智症国人感到寂寞和被社会排斥。新加坡管理大学和新加坡失智症协会访问了5600名本地的失智症患者、看护者和公众，了解他们对失智症的看法。调查结果显示，72%的失智症患者感到寂寞、被排斥，有一半觉得无法向他人公开谈论自己的病情，超过一半觉得人们会对他们的能力打折扣。也有超过一半的公众自认对失智症缺乏了解，跟失智症患者沟通时也感到有些不舒服。,Zaobao,2019-04-29
斯里兰卡宣布23日为哀悼日,斯里兰卡总统西里塞纳宣布4月23日为全国哀悼日，该国将实施有关预防恐怖主义的法律，宣布国家进入紧急状态。斯里兰卡总统媒体部门发表声明，有关预防恐怖主义的法律将于22日午夜起根据紧急法律条例在宪报刊登。届时斯里兰卡将进入国家紧急状态。声明称，这一行动是为了赋予警察和三支武装部队权力，以确保公众安全。总统还将会见所有大使和高级专员，以解释该国的现状，并要求国际社会支持斯里兰卡。,Zaobao,2019-04-23
冰敷可助缓解眼肿？,网络流传，眼睛哭肿后立即冰敷，可令眼睛周围的血管收缩，也能抑制眼睛充血，能有效消肿。也有说法指将铁汤匙放入冰箱，有需要时盖在眼窝上，因为冷冻现象令肌肤收紧，可减退暂时性的眼睛浮肿。另外，也有人建议把泡过的红茶包沥干水分，置入冰箱后再用来敷眼。这些冷冻法真的有效消减眼肿吗？眼肿时需要留意什么？且听本地眼科医生的建议。,Zaobao,2019-04-23
嘉市推「銀髮人力中心」 媒合熟齡長輩就業,因應人口老化的問題，嘉義市政府與慈善團體合作，推出銀髮人力資源中心，為50歲至65歲的長輩，提供職業訓練與工作媒合。...,PTS.org.tw,2019-07-31
特朗普签署《911受难者永久补偿基金法案》,7月29号星期一上午10点，特朗普总统在白宫玫瑰园当中签署美国国会上周通过的《911受难者永久补偿基金法案》。该法案将911补偿基金的期限，延长到2090年，而受难者可以领取补偿到2092年，保障当年911事件第一线救难人员余生都能获得医疗照顾。,VOA,2019-07-31
T.O.P社会服役期间被曝获病假特别照顾引争议,,Joins,2019-03-20
預防緩解失智症  陽明研發超音波頭盔,陽明大學團隊研發「低強度脈衝式超音波頭盔」，以非侵入性的物理治療方法來預防或緩解失智症，還可與藥物相輔相成，今天在未來科技展中展示研發結果。科技部主辦的「2018未來科技展」於今天在台北世貿三館揭開序幕，展現全國上百所學研機構研發的創新技術，聚焦高齡醫學的陽明大學，也於現場展示多項研發。面對高齡社會,NewTalk.tw,2018-12-14
跌倒会发短信 智能地毯可监测独居老人居家行动,面对新加坡人口老龄化的趋势，南洋理工学院工程系高级讲师傅国强博士研发了一款“夜监智能地毯”，记录并监测独居老人居家动态。这款智能地毯看上去和普通的地毯一样，但是可通过互联网技术将老人的活动上载到云端，一旦监测到不寻常的动态，便会发送手机短信给家人或看护者。,Zaobao,2018-12-14
5招助失智症患者 减少冲凉恐惧,冲凉是日常生活的一部分，但许多失智症患者对冲凉产生恐惧，让不少看护者头疼。该如何克服这难题？且听新加坡失智症协会的建议。失智症患者需要冲凉，以预防皮肤感染和体臭，但一些患者会非常抗拒冲凉，而与看护者产生摩擦，甚至敌意。遇到这种情形，建议看护者深呼吸，并理解冲凉和浴缸对我们来说是正常的，但失智症患者有可能对它们感到恐惧。新加坡失智症协会建议尝试,Zaobao,2018-12-14
「Stan哥」退休當白老鼠，施振榮投入電玩為失智危機找解方,"許多人好奇，施振榮是否有獨特養生秘訣？事實上，他長年茹素，幾乎天天在公園日走萬步。更特別的是，雖然是個知名企業家，他口袋裡的錢永遠不超過3000元。懂得「減法」，反倒是心靈豐盛的秘訣。 標籤: 施振榮, 遊戲防老, 智榮基金會, 復健腦力, 養生秘訣",NewsLens,2019-02-05
美国餐饮业多年来不能说的秘密,在曾被视作“积极生活象征”的名厨安东尼·波登自杀后，许多厨师、餐厅老板及员工开始讲述、反思这个行业普遍存在的高压文化、药物滥用和精神疾病，并开始寻找应对办法。,WSJ,2019-02-05
报告：三代同堂家庭减少 独居或子女没同住家庭增加,我国人口逐渐老龄化，三代同堂家庭减少了，独居或没有和子女同住的家庭却增加了，但家庭仍旧是年长者最重要的支柱，大部分年长者表示若需要帮助时，会向家人求助。社会及家庭发展部昨天（2月12日）公布《2000年至2017年新加坡家庭老化报告》时，公布以上趋势。根据报告，我国在2000年时有19万2800户家中有至少一名65岁或以上年长者的居民家庭，比率占了21.1%。到了2017年，有年长者的家庭增加至40万1800户，比率也增加至31.1%。,Zaobao,2019-02-13
两度战胜癌症 国大生当小贩,18岁患急性髓细胞白血病，接受了骨髓干细胞移植；六年后病情再次复发，28岁国大毕业生康复后辞掉科研工作，继承父母小贩生意。陈品洋十年前被诊断患上急性髓细胞白血病（acute myeloid leukaemia），需接受骨髓干细胞移植，以及进行化疗和电疗。“当时完全康复的几率只有四成，而死亡率高达两成，幸好接受骨髓移植后康复了，但大学最后一年时病情再次复发，癌细胞扩散至胃部和睾丸，需要接受9轮的化疗。”,Zaobao,2019-02-13
青年女义工获选《海峡时报》新加坡年度人物,中学毕业后被迫辍学打工，同时照顾陷入抑郁症的单亲母亲和患有躁郁症的姐姐，非营利组织创办人克服重重生活困境，不忘回馈社会，获选为2018年《海峡时报》“新加坡年度人物”。由《海峡时报》高级编辑、社会企业家和银行管理层组成的14名评委，经过激烈讨论后，决定将新加坡年度人物奖项颁给非营利组织Back2Basics和跨信仰青年组织Interfaith Youth Circle创办人西蒂·努尔·玛丝图拉（Siti Noor Mastura，28岁）。,Zaobao,2019-02-13
台湾与世卫大会连三年无缘 起因是谁的谎言?,中国以台湾不符合政治前提为由，不同意台湾参与世卫大会，并宣称已经照顾到台湾人民福祉，所谓「国际防疫出现缺口」的问题也不存在。台湾对此进行反驳，称中国才是说谎的一方。,DW,2019-05-08
失智友善博物館處方箋 文化醫療活化記憶,北市聯醫攜手國立台灣博物館，簽署「失智友善博物館」合作備忘錄，共同發表「失智友善博物館處方箋」，宣示雙方推動整合性失智照護與失智友善社區的決心。,芋傳媒,2019-05-08
助弱势群体立足,蔡潍联的活动策划公司目前有三成员工属于弱势群体，包括体障人士、失聪人士、问题少年及康复中的精神病患。他说，这群员工在摄影和设计方面都很有创意和潜力，不比专业人士差，最大的挑战其实是要改变社会大众的观感。主持活动及当义工，是蔡潍联（36岁，中）的两大兴趣。,Zaobao,2019-03-04
遗传学家利用基因族谱帮助破案,美国科学家说，他们正在用一种独特的方法来分析DNA和研究遗传学，以帮助调查人员破获几十年前的谋杀案。,VOA,2019-03-12
311大震災8週年 逾5萬人還疏散在外,造成逾 2 萬人死亡及失蹤的 311 東日本大震災屆滿 8 週年，目前還有約 5 萬 2000 人疏散在外，災區面臨人口減少、老化的問題。發生核災的福島第一核電廠正進行艱辛的廢爐作業。,芋傳媒,2019-03-12
新保集团病患可到全岛多处就近取药,这是继新保集团为病患提供送药上门服务后，最新推出的服务选项。无论送至家中或储物柜，该服务目前免费提供至今年6月30日；在那之后，病患每趟需支付8元运送费。到新加坡保健服务集团旗下医疗机构就医的病患，今年起可通过送药服务，在全岛指定的取药箱或储物柜领取药物，享受就近取药的便利。,Zaobao,2019-03-12
衛福部推350所失智友善社區 助減輕負擔,今年台灣的失智人口將超過28萬人，但七成失智症屬於輕微，醫師提醒，讓老人多多走出家門，衛福部也在全台推動350所失智友善社區據點，減輕家庭照顧負擔。...,PTS.org.tw,2019-03-12
“长大”是孩子不容忽视的权利,徐海娜: 有些父母将孩子不愿意接受照顾等同于“不珍惜付出”，他们和孩子争夺“控制权”，却很少意识到“长大”也是一种权利。,FT,2019-03-12
行医50年遇穷人即免费看诊 中药公会前主席刘少杰肝癌逝世,济世救人的新加坡中药公会前主席刘少杰医师，罹患肝癌两年后不敌病魔，前天凌晨与世长辞，享年72岁。刘少杰来自中国广东大埔，父亲在大成开设中药行，他在8岁左右被送回中国，由爷爷奶奶照顾，直到12岁才又回到新加坡，在父亲的中药行帮忙。刘少杰在耳濡目染下，对中医产生了浓厚兴趣，并开始研读中医书籍和报读中医课程。刘少杰在1968年毕业于新加坡中华医院，当时只有22岁的他毕业后开始行医，并在芽笼峇鲁开设了仁安堂。,Zaobao,2018-12-04
芬太尼危机：中国是否是非法药品的主要来源？,美国认为，中国工厂正在生产并出售阿片类药物。这是一种强功效的止痛药，正越来越多地被美国公民滥用。,BBC,2018-12-04
失智症患者 能否继续养宠物？,养宠物是终生承诺，但许多人会质疑，失智症患者是否有能力继续照顾宠物；有的患者会在诊断失智后，赶紧替宠物找新主人。即使患者不愿意，可能身边的人也会劝他这么做。究竟失智症患者能不能继续养宠物？且听新加坡失智症协会的建议。研究显示，照顾宠物对失智症患者有帮助：患者能给予宠物无条件的爱，也能从宠物身上感受到爱；照顾宠物也能刺激感官，让患者感到安慰和快乐。,Zaobao,2018-12-04
爱子公主17岁 学校生活充实并照顾爱犬“由莉”：朝日新聞中文网,皇太子殿下夫妇的长女·爱子公主于1日迎来了17岁生日。,Asahi,2018-12-04
基因编辑事主贺建奎实验室被查封,中国深圳的大学教授贺建奎因“基因编辑婴儿”一炮而红，在生物界遗传界特别是整个国际社会引起轩然大波。但是，目前这位在美国接受教育的生物专家在香港露面发言后就下落不明了。有报道说，贺建奎已被软禁起来了，不过，他在深圳实验室的工作人员说，这种报道不实。,VOA,2018-12-04
在美国，居家养老有多难？,"Ken Martin的母亲现年93岁，她希望能在自己家里度过晚年，而不是去疗养院和护理机构，也不愿搬进更小的公寓。她退休时的5.5万美元积蓄几近耗光，每月只有1,500美元社保，无力负担专业看护人员。为了完成母亲的心愿，66岁的Ken与另外七名亲友轮流照顾母亲，而他自己也面临着收入不稳定，几乎没有养老储蓄的难题。美国有3,420万人无偿照顾老人，其中许多人正如Ken一样，面对着自身的经济和健康挑战。Ken说，他会坚持送母亲终老，他希望儿子将来也会帮助自己。图片来源：Natalia V. Osipova/WSJ",WSJ,2019-02-08
那霸·牧志市场迎来最后的营业日 新朋旧友纷纷惜别：朝日新聞中文网,于1972年开业的冲绳县那霸市第一牧志公设市场因老化而需重建，且在16日迎来了最后的营业日。卖场塞满了当地的常客及来自国内外的观光客，依依惜别。市场将自7月1日起移转至临时店铺，于2022年度(2022年4月至2023年3月)在新的建筑物中重新启程。,Asahi,2019-06-18
新新聞》人口老化引進外國勞動者，6成日本人徬徨不安,五月五日是日本的兒童節，這是令和年以來第一個兒童節。然而在黃金周長假的歡樂氣氛中，現實卻籠罩著陰霾。日本十四歲以下的兒童人口大約一五三三萬人，比去年減少十八萬，是總務省有紀錄以來的最低點；但老年人口卻迅速飆升，七十歲以上的總數超過二六○○萬人，占日本人口比例的二○．七％，換句話說,風傳媒,2019-05-12
弱视年长者出现认知障碍风险较高,年龄60岁及以上年长者，只要出现白内障、低视力或老年黄斑病变等视力障碍，在没有获得及时治疗的情况下，今后出现认知障碍的风险要比其他人来得高；其中女性的风险较男性高出约两倍。由新加坡眼科研究所（Singapore Eye Research Institute，简称SERI）进行的一项长期调查显示，患者只要有一只眼睛有视力障碍，他出现认知障碍的风险比常人高出1.6倍。,Zaobao,2019-04-21
60岁恬妞单身也幸福 “人生不是为爱生存”,经历两段失败的婚姻，60岁的恬妞说：“我不算失败，我是幸福。”并称人生不是为爱情而生存。恬妞5岁就入行，在台湾电视台做童星，15岁赴港发展。回首过去事业与爱情的得与失，她认为最珍贵是得到所有朋友的爱，还有观众的接受和支持，这是她一生最大财富。她坦言失去爱情，但强调：“对我来说是很少一部分，我的人生不是为爱情而生存，我有太多人要照顾、太多人要去爱，我是属于大家，并非单独一个人。（感情算失败？）我不算失败，我是幸福，不需要再去照顾人，再去付出。”,Zaobao,2019-01-12
选美皇后让人们聚焦遗传疾病,维多利亚·格雷厄姆是一位选美皇后。但这位选美冠军真正与众不同的地方在于，她努力克服了一种严重的遗传疾病，她用自己的冠军头衔让人们关注这种疾病。,VOA,2019-01-12
白宫要义(黄耀毅)：特朗普签署《911受难者永久补偿法案》,美国总统特朗普星期一签署了美国国会跨党派通过的《911受难者永久补偿法案》。该法案保障当年911事件第一线救援人员的余生都能获得医疗照顾。美国之音白宫记者黄耀毅介绍了详细情况。,VOA,2019-07-30
爬樓梯會喘，要怎麼區別是年紀大了還是心臟衰竭？,"如果是因為老化體力漸漸變差，可能在10年後降為3層樓，然後再降為2層樓。心臟衰竭則是在短時間內體力變差。只要覺得惡化很快，就要小心去尋找可能的原因。 標籤: 夜間頻尿, 心臟衰竭, 頻尿, 游致顯, 胸痛",NewsLens,2019-07-30
為出門不得不把失智長輩拴椅子、24小時無法喘息？一通電話將翻轉「老人顧老人」困境,一天24小時都待在長輩身邊，翻身上廁所坐輪椅都要幫忙扛，這生活真能撐上20年嗎？隨著台灣社會越來越「老」，諸多長照悲歌也漸漸浮上檯面；有婦女把公公拴在陽台曝光後輿論激烈討論照顧失智長輩是多麼心力交瘁，也有長輩遭毆打人們才知照顧者有多累，這些無奈社工當然也看在眼裡──但這一切並不是,風傳媒,2019-02-01
美国执法人员截获史上最大数量合成毒品,美国遏制阿片类药物危机之际，海关和边境保护局截获了114公斤人工合成毒品。美国执法人员在来自墨西哥一辆运输黄瓜的卡车的夹层板内发现藏在那里的芬太尼，同时还发现了179公斤甲基安非他命。,VOA,2019-02-01
片商瞄中辉哥六孙 炮制“爷孙情”,童星有市场，片商看中辉哥程旭辉六孙儿女客串演“爷孙情”！早已升级当外公的辉哥家有六孙，问起年龄，他想了想，笑说：“好像是Do Re Mi一年一个，2岁至9岁。”辉哥接受《新明日报》记者访问时透露，他有5女孙及1名男孙，记者打趣问6名孙儿女中有哪一个遗传他的表演基因？,Zaobao,2019-01-07
昏迷14年 植物人遭性侵产子,美国一间疗养院发生女植物人疑被性侵并产下孩子的骇人事件。长期住在亚利桑那州凤凤城的哈辛达疗养院的一名女病人，在14年前因为遇溺几乎丧命，意外后大脑失去功能，变成植物人，需要接受24小时照顾。但期间受性侵后怀孕，而且怀胎多月也无人察觉。去年12月29日，该女病人突然作动，医院内一名护士为她接生，据说婴儿健康良好。消息人士又指出，该名女病人遇到性侵时没有保护自己的能力，连说出自己怀孕的能力也没有。,Zaobao,2019-01-07
卢海鹏动心脏手术 “不熟的”古天乐先付费,77岁的资深艺人卢海鹏，去年11月做了心脏血管成形术（angioplasty），康复进展良好。手术花费多达20多万港元（约4万新元），全部由古天乐先行支付。香港资深媒体人汪曼玲4日在面簿大赞古天乐的善举是“人间有情”。原来卢海鹏得知血管塞了90%，不想入院动手术，想靠自己多做运动，后来古天乐和杜琪峰相约吃饭并劝告“不用担心钱的问题”。20多万港元手术费由古天乐先支付，之后卢海鹏再找保险公司理赔后还款。卢海鹏受访承认接受帮忙，强调自己与古天乐不熟，两人拍戏相识，只是泛泛之交，没想到对方出手帮忙，实在是有情有义。,Zaobao,2019-01-07
别立即吃冷藏过的西瓜,西瓜一般较大，许多人一次吃不完，就把吃剩的放入冰箱储存，中医师提醒，不要从冰箱拿出立刻吃。西瓜该怎么处理怎么吃，较符合养生守则？且听中医师的建议。养生保健中医诊所的林丽明医师接受《活得好》访问时说，西瓜从冰箱拿出来后，不要立刻吃，最好放室温一小时左右后再进食。从中医的角度，西瓜本身是生冷之品。如果常吃冷藏后的西瓜，很容易损伤脾胃的消化功能，使食欲减退，造成消化不良，不能将营养转化成气血而变成痰湿。,Zaobao,2019-03-05
統計至去年底 台灣每84人中有1人失智,根據統計，台灣失智人口到去年底，已超過28萬人，平均每84人，就有1人是失智者，而且警政署統計發現，每年失智症失蹤人口報案約有1800人，失智走失預防越來越重要。專家建議家屬，可以幫失智者更新身...,PTS.org.tw,2019-03-05
路加佩里中风去世 终年52岁,"曾参演美剧《飞越比佛利》（Beverly Hills, 90210）的美国男星路加佩里（Luke Perry)，日前在洛杉矶家中风被送入院，延至周一不治，终年52岁。 《飞越比佛利》是路加佩里（左三）的代表作。（档案照片） 佩里凭演出《飞》而为人认识，中风当日，他幸得邻居报警叫救护车，将他送院抢救。演过《飞》和其他剧集的演员们得悉后纷纷送上慰问，并祝福他早日康复，可惜最后仍未能战胜病魔。",Zaobao,2019-03-05
‘金牌月嫂’月薪5210元 新手爸妈预约半年,北京的新手爸妈最近很头痛，尤其是想坐月子找“月嫂”帮忙的根本找不到人！中国专门照顾新生儿和产妇的母婴护理员，也就是俗称的“月嫂”，按照等级可分为初级、中级、高级、特级以及月薪超过2万5800人民币（约5210新元）的“金牌月嫂”，但在这样高薪的诱惑下，服务需求量仍超过供应量的3倍，爆发缺工潮。北京某间家政服务公司业者指出，很多月嫂半年前就被预订光了。,Zaobao,2019-03-05
想睡個好覺，該如何挑選適合自己的「枕頭高度」？,"一般來說，身體大的人──或許也可說是頭型較大的人──理想的枕頭高度也會與其成正比而逐漸變高。大致上來說就是因應體格，理想高度大約在5～9公分之間。 標籤: 枕頭, 寢具挑對，好眠能瘦抗老化，記憶力增強, 久保田博南, 五日市哲雄, 睡覺, 枕頭高度",NewsLens,2019-03-05
我认识的英国人如何看待巴黎圣母院火灾？,何越：受人的生命和生活质量最重要的理念影响，我先生马克斯才会说出“幸好没出人命，毁了可以重建”这样的评价。,FT,2019-04-20
《千利休：無言的前衛》：日本人認為褪色、老化、乾涸，是無可取代的好東西,"或許我們生長在水與樹之中的日本人，有種生活上的防禦天性，認為老東西只要留在神聖的境界裡就好。結果我們硬是把所有老東西定位為遙不可及的夢想，把老東西趕出日常生活，放在生活之上。於是這些陳舊、黯淡、不飽和的色調，就高高在上支配著日本人。 標籤: 寺廟修繕, 佛像, 寵物公害, 文鳥, 醍醐寺, 五重塔, 千利休, 赤瀨川原平",NewsLens,2019-04-20
女佣中风入院 雇主难扛6万医药费,女佣突中风入院，好心雇主不忍送她回国又承担不起6万元医药费，左右为难。如今无业的苏先生（61岁）一年多前请来了印尼女佣阿妮（37岁）照顾独居的94岁老父亲，两人一年半来相处融洽。,Zaobao,2019-04-20
台灣邁入高齡社會 陳其邁：長照就是媽祖,近日媽祖話題正夯，行政院副院長陳其邁今天表示，台灣社會正面臨快速老化問題，未來「長照就是媽祖」，照顧失能老人的照顧員則是幕後英雄，盼將長照資源深入社區，嘉惠民眾。,芋傳媒,2019-04-20
2岁女脑退化 淡忘刚学过的技能,一名只有2岁的女童米莲，患上罕见隐性遗传病“贝敦氏症”（Batten Disease），俗称为“儿童脑退化症”。患者神经系统逐渐受破坏，身体慢慢衰退，将学过的技能一一淡忘，最后连吞咽、呼吸的能力都失去。她的母亲痛心地形容“疾病逐点逐点带走我的女儿”。 医学资料指出，儿童患者约在2岁会出现癫痫，之后慢慢失明，到3岁会失去活动能力，活不过童年。,Zaobao,2019-04-11
為何1/4的日本年輕人沒有性經驗？研究證實「與社經地位高低有關」，學者：有錢才好辦事,日本新生兒數量逐年遞減、65歲以上銀髮族占人口總數27.7%，人口老化與少子化兩大問題，長久以來一直是日本政府關注的焦點。日本東京大學和瑞典卡羅林斯卡學院的團隊，8日在英國醫學雜誌《BMC公共衛生》上發表的研究結果顯示，日本18至34歲的成年人中，有近四分之一的人沒有異性間的性經,風傳媒,2019-04-11
地球人口迅速老化：當這個世界的老人比嬰兒還多，孩子們將面對怎樣的未來？,人類遇到了一個空前大變局：世界上老年人的數量超過了嬰幼兒。這意味著人類社會進入了一個老人比娃娃多的時代。背後助推的是一個全球大趨勢：壽命延長而生育減少；這個趨勢在許多國家持續了幾十年，而且今後幾十年還將繼續。2018年底，地球上有7.05億老人，6.8億嬰幼兒。問題是，這個趨勢對,風傳媒,2019-04-11
专访:你吃对了吗?垃圾食物比香烟更致命,最新研究报告指出，饮食习惯不良对健康造成的损害比吸烟等风险因素更大。德国营养学家接受德国之声专访，分析危害现代人健康的饮食坏习惯。,DW,2019-04-11
又是抑郁症？山东一官员自杀身亡,"中国再发生官员自杀事件。 
 澎湃网星期三报道，中共茌平县县委书记张琳9日在家中自杀身亡。据张琳亲属介绍，张琳患有抑郁症病史，长期服用抗抑郁药物。具体原因正在进一步调查中。 
 去年至今，已有10多名中国官员自",RFA,2019-04-11
企业预计数字化转型成2019年第一大风险因素,根据周三新发布的一份研究报告，企业董事及高管们感觉明年的营商环境将变得更加凶险，也越来越担心数字化转型带来的运营挑战。,WSJ,2018-12-07
继承衣钵？ 陈茵媺女儿有个选美梦,陈茵媺与老公陈豪育有三个宝贝儿女，陈茵媺已淡出幕前，专心照顾家庭，一家幸福满溢。 陈茵媺全家福。（互联网） 她昨日（14日）在IG分享一张拼图，女儿Camilla头戴小后冠，金色辫子，手执权杖，又配有戒指和颈链，露出甜美笑容。对比两张图，母女有如饼印， 甚有妈妈当年成为港姐冠军时的风范。,Zaobao,2019-03-16
神奇的蘑菇 多吃有可能保持大脑年轻,你喜欢吃蘑菇吗？研究人员说，蘑菇可能对延缓智力衰退有帮，因此有助于预防失智症（俗称老年痴呆症）。,BBC,2019-03-16
外交部：新西兰枪击事件 无新加坡人受伤,我国外交部发文告指出，目前没有新加坡人在克莱斯特彻奇的枪击事件中受伤。外交部与新加坡驻新西兰惠灵顿的最高专员公署已联系所有在当地并向外交部注册的新加坡人，目前没有新加坡人在事故中受伤。外交部在文告中说，新加坡强烈谴责发生在克莱斯特彻奇两座回教堂的恐怖袭击事件，并向死难者家属致哀，也希望伤者早日康复。,Zaobao,2019-03-16
走近委内瑞拉边界：人道救援物资何去何从？,西蒙·玻利瓦尔国际大桥连接着哥伦比亚的库库塔市和委内瑞拉的塔奇拉州，每天都有很多委内瑞拉人越过这座大桥并且在问：“接下来会如何？” 50多吨的人道救援物资已经运抵边界，但是目前还不清楚如何能够把这些食品和药物送到委内瑞拉人手中。,VOA,2019-02-12
葛莱美捧两奖 女神卡卡喜极而泣,女神卡卡于葛莱美颁奖典礼上连捧两奖暴哭。第61届葛莱美音乐奖颁奖典礼本地时间今早于洛杉矶举行，由灵魂歌艾莉西亚凯斯（Alicia Keys）担任主持人。由于奖项众多，典礼开始前已先揭晓部分得主，女神卡卡（Lady Gaga）以“Joanne”荣获最佳流行演出，今早她又接着凭主演的电影《星梦情深》（A Star Is Born）主题曲“Shallow”开胡，与布莱德利库柏（Bradley Cooper）获颁最佳流行合唱演出，库柏在伦敦参加英国奥斯卡而缺席，她喜极而泣：“我希望布莱德利能到场和我一起获奖。”她也特别感谢能演出一部关注心理健康的电影，“很多艺术家都有这方面的困扰，而我们要照顾彼此”。,Zaobao,2019-02-12
贝亲推无需冲洗的泡沫臀部清洗剂 轻松照顾无法入浴的人士：朝日新聞中文网,贝亲(Pigeon)面向卧床不起等每天无法入浴的人们，在全国范围内推出护理产品“轻柔泡沫臀部清洗剂”(日文为:泡がやさしいおしり洗い)。,Asahi,2019-02-12
狮城情侣涉台湾弃婴案 台媒：女婴断气前活一天,台媒惊爆，女婴从出生到断气，相信至少活了24小时，究竟是蓄意杀婴，还是疏于照顾致死，将成调查关键。根据台湾东森新闻报道，法医将女婴肺脏、肾脏等器官放到水里观察，初判女婴被丢弃时还有生命。此外，女婴整个小肠的十二直肠都浮起来，依这样的观察，可推算出女婴至少活了24小时。,Zaobao,2019-03-28
空汙傷腦再添一例 青少年精神疾病風險大增,除了失智、損害智力，空汙亦可能增加精神病機率.空氣汙染不僅恐致呼吸道疾病、造成身體發炎、增加失智風險，最新研究發現，空汙也大幅增加了青少年出現精神疾病的機率。,TWNews,2019-03-28
日本妇生足12 孩子 日开5次洗衣机 月吃60公斤食物,电影中常会有主角说要和爱人生下一支足球队，日本有一个家庭真的做到﹗日本琦玉县47岁的漆山亨和42岁的妻子漆山佳月目前就育有六子六女，长子20岁，最小的只有1岁。据报道，爸爸于市内经营美容院，妈妈于店内任职美容师和照顾一家14口的生活。由于人数众多，每天要开4至5次洗衣机才能把所有衣服洗净。衣柜也特别设计将储物空间延伸至天花板，而每个月能够吃掉近60公斤的食物。,Zaobao,2019-03-28
痛风患者 哪类食物得少吃？,一些老年人有关节疼痛的问题，并把它当成老化，不当一回事。本地专科医生提醒，关节疼痛也可能是痛风的症状，严重的话可引致关节变形，不容忽视。莱佛士内科医疗中心风湿关节科顾问医生张荣耀接受《活得好》访问时说，痛风是一种关节炎症，40岁以上的男性最常见。痛风的症状包括关节疼痛、红肿和发烫。患者几乎都是急然病发，而且一发作起来就病情严重，症状较常在夜晚从大脚趾的关节开始。,Zaobao,2019-03-28
从纸版到数码电子报 读报数十载拉近三代人关系,母子分隔两地，一个居住在印度尼西亚老家，一个在新加坡打拼，每几个星期才能一家团圆。但只要心系彼此，加上科技的辅助，再遥远的距离都不成阻碍。64岁的餐厅总经理吴德鸿出生于印尼，1984年来新工作，从此在新加坡落地生根。母亲吴秀凤多年来常常飞来新加坡探望儿子，孙子出生后，也一度长期居住在新加坡帮忙照顾孙子。三代人在同一屋檐下享天伦之乐时，吴母也开始培养了天天阅读《联合早报》的习惯。,Zaobao,2019-03-28
飲酒助心血管觀念過時 專家：喝愈多壽命愈短,老一輩常說，一天喝 2 杯紅酒對心血管有益，卻不知這觀念早已過時。長期研究酒精危害的專家表示，喝酒不僅無助健康，還會增加致癌、失智等風險，喝愈多平均壽命愈短。,芋傳媒,2019-05-09
失智長者迷途 北市警尋回助姊弟團圓,高雄一對年近 7 旬的李姓姊弟日前北上幫就醫家人辦理出院手續，不料罹患失智症的 65 歲李姓男子竟在姊姊休憩時走失，警方接擭通報後立即調閱監視器追查，成功幫助姊弟團圓。,芋傳媒,2019-05-06
“黄背心”给马克龙上了一课,斯蒂芬斯：对民粹主义的最佳回应是一份在经济上具有包容性的社会契约，照顾被技术进步和全球化推到一旁的人群。,FT,2019-01-29
【插畫】突然記不起時間地點，是中風還是失智？,"雖然突然失憶是相當嚇人的事，不過日後發生腦中風、癲癇和死亡的機率，並沒有比一般人高，經過適當的檢查判斷，神經科的醫師診斷是「暫時性全面失憶症」的話，就可以安心。 標籤: 暫時性全面失憶症, 失憶症, 失智, 中風, 檢查, 復健, 秒懂家醫科",NewsLens,2019-01-29
颜金勇对爱之病病患资料外泄事件道歉,针对万余名爱之病病患的个人资料遭人外泄的事件，卫生部长颜金勇郑重地道歉，并承诺会进一步加强卫生部的资料库和数据系统等的保安措施，防止人们能滥用数据。此外，他也表示，目前最重要的是照顾到受影响病患，而卫生部已在积极联络这些病患，为他们提供必要的援助，也已设立热线让他们可随时拨打，也可寻求辅导援助等。,Zaobao,2019-01-29
社论：慎用公共资源治理宠物服务业,我国社会越来越富裕，越来越多人饲养宠物，推动本地宠物服务业蓬勃发展。宠物店、宠物酒店、宠物美容等如雨后春笋般冒出头来，相关业者、宠物饲主和关爱动物人士也逐渐形成一股利益团体。我国一方面在治理宠物服务业方面还有进步的空间，但另一方面也要警惕宠物权益的过度膨胀。我国面对人口老化、社会不平等问题加剧的挑战，有限的公共资源须谨慎规划使用。,Zaobao,2019-01-11
加來道雄《離開太陽系》：當人類終於能永生不朽，接下來會發生什麼事？,"倘若有一天，科技能藉由神經元對神經元、一點一滴複製你的大腦，保存你所有的記憶和感受，屆時會發生什麼事？ 標籤: 離開太陽系, 加來道雄, 物理學, 老化, 永生, 人口過剩, 糧食危機, 數位永生, 人腦聯結體計畫, 光遺傳學",NewsLens,2019-01-11
中榮推日間「老幼共托」 長者健康顯著進步,中部地區第一間公立醫學中心「老幼共托」的日照機構，收治日常生活功能評估，平均四、五級的失智失能長輩，最高的還有收到七級。透過老幼共托、結合醫學中心資源，日照中心的老長輩，在情緒、健康及延緩老化的...,PTS.org.tw,2019-06-20
賴清德談參選初衷 要讓台灣發展更好,前行政院長賴清德今天表示，台灣面臨少子化、人口老化等問題，他唯有崛起，與民眾共同面對挑戰、並成功因應，要讓台灣走得更遠、發展更好。,芋傳媒,2019-05-05
称一餐只吃三口饭 女佣上网诬陷雇主虐待,声称不敢跟雇主要求额外食物，女佣竟上网指被雇主“虐待”，一餐只吃三口饭！雇主成了“虐佣人”还不知情，直到人力部来电话说要找女佣，她才如梦初醒！女雇主林太太（40岁，数码产品经理）告诉《联合晚报》，她去年六月请了来自菲律宾的25岁女佣萝莎，照顾患癌的家翁和五岁儿子。,Zaobao,2019-05-05
中美旅游前总裁起诉情妇和女儿案 伍光炎曾三立遗嘱,中美旅游前总裁伍光炎起诉情妇和女儿案续审，庭上揭露伍光炎曾三立遗嘱，从把遗产五五分给情妇和私生女变成不留一分钱给情妇。诉方说这充分显示伍光炎无意把资产转给情妇郭瑞彬，但辩方认为伍光炎的新遗嘱没把郭瑞彬列为受益人，是因他早已把股份转让给她，已没什么可给郭瑞彬了。　已失智的中美旅游前总裁伍光炎（80岁）由妻儿代表，越堤来新起诉他的情妇郭瑞彬（66岁）和女儿伍逸梅（32岁），要向她们追讨价值约2000万元的资,Zaobao,2019-07-11
蛋白质如何折叠？发现者获颁德国医学奖,德国生物化学家哈特尔及美国学者霍里奇在阿尔茨海默症及帕金森氏症的研究中取得卓越成就，获颁德国知名医学奖——达姆施泰特奖。,DW,2019-01-21
看見百萬難民就痛罵梅克爾，但他們替德國創造了「難民經濟」,"德國因為過去人口老化，醫療支出多於收入，但自有難民以來，難民多是年輕人口，醫療開支相對少，而他們現在已經在墊付的退休金，也讓長年退休金虧損連連的情況如遇春雨。 標籤: 德國, 難民, 梅克爾, 語言訓練, 移民法, 津貼",NewsLens,2019-01-21
失智阿嬷幼儿园接女儿 女儿泪崩：我30年前已毕业,中国南京一间幼儿园报警，称门口有位老奶奶走失，后来警方查悉，原来84岁的老人家罹患失智症，记忆停留在女儿读幼儿园的场景，于是自己跑去幼儿园“要接女儿放学”。事件中的女儿寻获老母时，流着泪说自己是家里唯一的女儿，妈妈生她时已经年纪很大了，对她百般呵护。后来妈妈得了失智症，却依然记得接她放学，但那都已经是30多年前的事了。,Zaobao,2019-01-18
高雄中正大順路口突現坑洞 1人摔傷送醫,昨天傍晚，高雄中正、大順路口突然塌陷，出現平均深度約1.8公尺的坑洞，害一名民眾受傷送醫，市府研判是汙水管老化、鬆脫，今天上午也前往現場開挖，要將管線重新修繕後再回填。...,PTS.org.tw,2019-05-22
「憤怒」與老年人健康有關，很可能導致發炎和慢性疾病,"《心理學與老化》（Psychology and Aging）期刊最近刊登了一項小型研究，研究指出，比起悲傷，憤怒和老年人健康問題的關聯更深，很可能導致發炎反應和慢性疾病。 標籤: 憤怒, 情緒, 難過, 悲傷, 老年人, 發炎, 慢性疾病",NewsLens,2019-06-07
受访不耐烦、被章子怡袁咏仪孤立？ 《延禧攻略》最美妃子身陷负面风波,去年在人气电视剧《延禧攻略》里扮演最美妃子的中国女星张嘉倪，近日被爆“耍大牌”，更扯出她在人气真人秀《妻子的浪漫旅行2》中被其他人妻女星孤立。张嘉倪最近接受搜狐网访问时被问，在《妻2》里“有没有像妹妹一样被照顾的感觉”，她竟然冷漠的说：“我没有特别的这种感觉。”,Zaobao,2019-04-03
中国全面管制芬太尼，为新一轮美中贸易谈判示好,中国宣布将把所有芬太尼类药物列为管制品。此举相信是在新一轮中美贸易谈判前，向美国伸出橄榄枝。,BBC,2019-04-03
助同志儿圆梦 61岁母代孕诞孙女,美国内布拉斯加州一名母亲，为了完成同性恋儿子成家立室的心愿，竟同意担任代母，上周一诞下自己的孙女。61岁的塞西尔获悉儿子埃莱德以及其伴侣多尔第有筹组家庭的念头，但体外人工受孕费用高昂，这名母亲自动请缨代孕，医生配给她荷尔蒙药物，让本已停经的她再次来经。与此同时，多尔第的一名姐妹捐出卵子。医生逐将埃莱德的精子与卵子结合，再植入塞西尔体内。,Zaobao,2019-04-03
中国宣布全面管制芬太尼,中国将芬太尼的所有变异列入管制目录，履行了习近平对特朗普的承诺。芬太尼出口长期以来是中美关系紧张的原因之一，美方认为中国对美国阿片类药物泛滥负有责任。,NYTimes,2019-04-03
哪些体质较易患糖尿病？,彭博社研究显示，2010年至2017年间，糖尿病患者的增幅为4%，除了人口老龄化，不健康的生活方式和习惯也是关键因素。有鉴于此，国人更应积极对抗糖尿病，预防患病。《新明日报》“活得好”请莱佛士中医的苗萌中医师，以中医的角度谈糖尿病的患病导因，以及哪些体质的人较易患病。苗萌中医师指出，中医认为糖尿病的导因一般可分为：,Zaobao,2019-04-03
美国欢迎中国管控芬太尼 史密斯议员呼吁切实实施,美国缉毒局对中国把芬太尼类物质列为管控药物的决定表示欢迎，并期待与中国继续合作遏制这些致命的毒品从中国流入美国。不过，美国众议院议员史密斯表示，如果不能切实实施，这项决定则毫无意义。,VOA,2019-04-03
新加坡航空因发动机问题停飞两架波音787,新加坡航空发现，其波音787-10机队的部分罗尔斯•罗伊斯Trent 1000 TEN发动机的叶片过早老化。,FT,2019-04-03
交流站：年长者护理服务有待改进,我的母亲今年95岁，虽然心智健康，但行动不便，白天全家外出工作和上学，为了确保她能得到适当的照顾，我探索了几种可行的途径。第一选择便是聘请帮佣全天照料。然而，由于居住的三房式组屋只能容纳一家五口（包括两个成年儿子），女佣的住宿成了一个棘手问题。再者，除了常听到的沟通障碍，老人家被虐待的事件时有所闻，请错帮手不但没法解决问题，还会因此添加麻烦。我于是努力尝试寻找另一个长期方案——年长者护理中心（Senior Care）。,Zaobao,2019-01-02
簡媜：重新學習「老病死」，在宅醫療是「天使在做的事」,"簡媜形容，進入都會社群，人與人之間的連結處於脆弱的虛線狀態，不如以往農業社會盤根錯節、蜘蛛網式密集的網絡；如果在宅醫療理念順利實施，便能將虛線實線化、彼此連結，是很了不起的志業。 標籤: 簡媜, 在宅醫療, 老化, 醫病溝通",NewsLens,2019-01-02
张海清：韩国瑜，看你的了！,台湾九合一选举落幕，最受瞩目的国民党候选人韩国瑜击败民进党对手陈其迈，成功翻转高雄当上市长。选前人气红不让，韩国瑜选后依然受到媒体追捧，魅力丝毫没有减退；从他挑选市政府的“小内阁”成员，到就职典礼、出席各种公开活动，皆受到民众的检视，大家都在关注他的每一个布局，看他是否真能把高雄提拉起来，还是空打嘴炮而已。,Zaobao,2019-01-02
本庶佑身穿和服出席诺贝尔颁奖仪式 获生理学或医学奖：朝日新聞中文网,今年的诺贝尔奖颁奖仪式已于10日在瑞典首都·斯德哥尔摩等地举行。在开发癌症治疗药物方面有了新发现的京都大学特别教授·本庶佑(76岁)等人被授予生理学或医学奖。,Asahi,2018-12-12
硬塞指天椒 打伤女童头 女佣虐童坐牢六个月,只因女童尿裤子，不肯练习听写，33岁女佣竟然怒火中烧，明知女童怕吃辣，却硬把指天椒硬塞进女童嘴巴，还用藤条鞭打她，更举起猫抓板打伤她的头，痛得女童嚎啕大哭。案件发生在今年7月27日，33岁的女佣事后被控，昨天（10日）下午认下一项虐童控状，被判监六个月。被告来自印度尼西亚，案发时在女童家工作七年，负责照顾七岁女童和她九岁的姐姐。案发时，女童一家人住兀兰一座组屋。,Zaobao,2018-12-12
中国ASMR播主：我想用声音照顾孤独的人,来自中国重庆的“MT”是中国最有影响力的ASMR播主之一。她对BBC说，很多人在现代社会都会感觉到孤独，ASMR可以用声音给人一种照顾的感觉。,BBC,2019-07-20
卡塔尔探秘：走进超现代精英运动康复机构,世界一流球星和运动健将到波斯湾半岛国家卡塔尔疗伤康复，入住的是同一家配备尖端技术的运动医学机构。,BBC,2019-08-30
女友激吻许志安 马国明沉寂5天憔悴吐心声,许志安背着天后老婆郑秀文偷吃黄心颖，轰动娱乐圈，2人遭外界疯狂挞伐，事发后黄心颖男友马国明态度平静，短暂出面受访后便不再发表意见。沉寂了5天，昨晚（4月22日）他终于更新微博，自拍照看来似乎有些憔悴，让粉丝非常心疼。马国明在自拍照中，微笑望向镜头，贴文似在为自己打气：“继续......努力工作”，寥寥数字，透露了目前的心境。粉丝纷纷留言鼓励，提醒他好好照顾自己。,Zaobao,2019-04-24
官委议员王丽婷新书发布会 邀五女性分享去除社会标签历程,独自抚养儿子的未婚单亲妈妈、争取权益的跨性别人士、康复中的精神分裂症病患、从小扛起照顾重病家人责任的护理者，以及失聪的打击乐手，五名来自各行业的女性共同面对一大难题——社会污名（stigma）。官委议员、社会企业家王丽婷（51岁）昨天在处女作《爱的50个面向：发掘真我》（50 Shades of Love: Unearthing Who We Are，简称《爱》）新书发布会上特意邀请这五名她眼中的“成功人士”，与在场约100名公众分享如何在众人异样眼光中成长并粉碎社会标签的心路历程。,Zaobao,2019-03-23
因應農業缺工 雲林縣爭取開放外籍移工,雲林縣農業產值居全台之冠，卻面臨人口老化、農業缺工等困境，縣長張麗善今天為農民請命，希望農委會與勞動部合作，開放養豬、養禽、農業等類別外籍移工。,芋傳媒,2019-03-23
交流站：医药津贴不应与住院病房挂钩,很多国人都为自己或家人购买医药保险，目的不外是减轻以后看病住院的医药负担。买了医药保险，生病动手术住院，可以选择住B1或A级病房，一切医疗和住院开销都可以用医药保险支付。有些病痛，虽然手术后康复出院，但每隔一年半载还要去医院的专科部门复诊拿药。目前的公共医药援助津贴条例是，一旦住进没有津贴的病房如A级病房，往后复诊时就不能享有医药援助津贴，即使持有建国一代卡或社保援助计划（CHAS）卡。,Zaobao,2019-03-23
勞保年金去年虧損、7年後破產，5個QA看修法後恐「拉低薪資」,"一名民進黨立委也直言，不只下會期不會處理《勞保條例》，在本屆立委任期內，恐怕都不會去動它，「挑在大選前去處理勞保年金改革，無疑是自殺。」 標籤: 勞保年金, 勞工保險局, 年金改革, 勞工保險, 老年年金, 少子化, 人口老化, 立法院",NewsLens,2019-01-27
蓬佩奥呼吁世界支持委内瑞拉反对派，称古俄中支持马杜罗可耻,美国国务卿蓬佩奥敦促国际社会支持委内瑞拉人民，并承认起而反抗有争议的总统马杜罗的反对党领袖胡安·瓜伊多的临时政府。,VOA,2019-01-27
脑癌父坐轮椅 与新娘女共舞,美国亚拉巴马州一名新娘上个月29日举行婚礼，其患有脑癌的父亲虽然身患不治之症，也要坐轮椅亲临见证女儿的幸福。新娘当天拉着父亲的手，跳起自小属于父女俩的舞步，感动全场人，连父亲也老泪纵横。新娘子罗伯茨的父亲吉姆，于去年7月确诊长了胶质母细胞瘤，没有康复希望。罗伯茨甚至不知道，父亲还能否出席她与伴侣巴茨的婚礼，最终其父如愿现身。,Zaobao,2019-01-08
沙特18岁少女逃亡泰国 人权组织紧急声援,泰国当局说，一名年轻的沙特女性在试图从泰国逃往澳大利亚寻求庇护时被拦下，她已经离开曼谷机场，目前受到联合国难民署的照顾。,VOA,2019-01-08
美国安顾问博尔顿：为保证盟友安全 美从叙撤军前须击败伊国组织,博尔顿强调，撤军没有时间表，美国必须确保以色列的防卫及本区域其他盟友的安全，还有照顾那些与美军协同作战对付伊国分子和其他恐怖组织的人员。（耶路撒冷综合电）美国从叙利亚撤军一事又有变化。美国国家安全顾问博尔顿星期天为美国从叙利亚撤军设下先决条件，称必须先击败伊斯兰国组织和保证盟友的安全。博尔顿的谈话意味美国从叙撤军会比总统特朗普早前所说的还要缓慢。,Zaobao,2019-01-08
守護孕婦 每縣市至少一家周產期照護中心,台灣少子化嚴重，產科醫生年齡老化。衛福部將推「周產期照護網絡」，每縣市至少一家重點醫院提供周產期照護中心，照顧高危險妊娠孕婦，並設開放醫院，讓開業產科醫有更多資源。,芋傳媒,2019-01-23
磁疗可以缓解抑郁,抑郁不仅仅是悲伤。这是一种严重的疾病，它会干扰正常的生活和自我价值感，在严重的情况下，它会导致自杀。但是，抑郁症可以通过谈话疗法、药物治疗或两者结合来治疗。还有一种治疗方法可以将磁脉冲直接传送到大脑。,VOA,2019-02-20
面對失智症與長照的巨大壓力，「孝順不可外包」的台灣該如何因應？,"該如何因應失智這個大洪流？最重要的是人力的培養，從專業方面說起，醫師用藥應與時俱進，護理人員要隨時追蹤失智患者及長者復健的進度，不能用急性的眼光去看待它，社工居家服務等照顧方面應完善、周全，以及即將踏入「老年照顧」的莘莘學子們結合現代化科技方式，帶給老人家前所未有、新穎的復健器材及服務。 標籤: 失智症, 高齡化, 長期照護, 照護機構, 長照2.0, 仁愛之家, 約束帶, 自立支援照護",NewsLens,2019-02-20
中國荒謬的生育管制：鼓勵二胎罰三胎？山東夫婦生老三，被罰到連微信錢包都被凍結,中國面臨到人口老化的壓力，開始鼓勵民眾生二胎。但是，對生三胎的人，卻仍徵收高額「社會撫養費」，就連虛擬帳戶也收得一點零錢也不留。山東一對王氏夫婦的遭遇引發眾多網民為之叫屈。山東成武縣一對夫婦在生了第三胎之後，沒能上繳「社會撫養費」，被當地法院凍結財產及財付通，連微信錢包也沒能倖免,風傳媒,2019-02-20
焦点对话：展望特习大阪峰会，谁更需要重开谈判？,美国总统特朗普与中国国家主席习近平本周二通了电话，两人确定将在下星期参加日本大阪举行的20国集团领导人峰会期间举行一次加长会晤。而特朗普与习近平举行会晤前，双方团队将重启自5月以来陷入僵局的贸易谈判。然而，美中双方仍然各说各话。中方表示，双方应在相互尊重、互利互惠基础上通过平等对话解决问题，而且要照顾彼此合理关切。白宫的声明则强调，美中贸易协议应解决双边贸易的结构性问题，以及中方应进行有意义的改革，而且措施应该是可实施和可核实的。在美中即将恢复贸易谈判之际，双方手中各握有哪些王牌？美中这两个世界最大经济体能否最终达成一份贸易协议，从而止住双边关系不断恶化的势头？,VOA,2019-06-22
展望特习大阪峰会，谁更需要重开谈判？,美国总统特朗普与中国国家主席习近平本周二通了电话，两人确定将在下星期参加日本大阪举行的20国集团领导人峰会期间举行一次加长会晤。而特朗普与习近平举行会晤前，双方团队将重启自5月以来陷入僵局的贸易谈判。然而，美中双方仍然各说各话。中方表示，双方应在相互尊重、互利互惠基础上通过平等对话解决问题，而且要照顾彼此合理关切。白宫的声明则强调，美中贸易协议应解决双边贸易的结构性问题，以及中方应进行有意义的改革，而且措施应该是可实施和可核实的。在美中即将恢复贸易谈判之际，双方手中各握有哪些王牌？美中这两个世界最大经济体能否最终达成一份贸易协议，从而止住双边关系不断恶化的势头？,VOA,2019-06-22
美国奥运冠军用帆船治愈老兵,2000年，马格努斯·利耶达尔获得奥运会帆船比赛的金牌。他一生热爱这项运动，并得到回报。在职业运动生涯结束后，他也从未放弃航行 - 如今，他把这项治疗康复运动介绍给缺乏医疗条件的年轻人、美国退伍军人、和残疾人。莉莉娅·阿尼西莫娃见到了这位奥运会冠军。,VOA,2019-06-04
芬太尼列管制药物“芬太尼之战”成功了吗？,中国日前同意将鸦片药物芬太尼列管制药物的消息引发外界极大关注。美国总统特朗普阻止“廉价又致命的芬太尼”涌入美国的行动似乎取得不错的成效。但有外媒报道说，出于购买芬太尼难度低以及监管困难等问题，美国毒品泛滥的情况无法在短期内解决。,RFA,2018-12-05
中国能兑现打击芬太尼的承诺吗？,中国承诺打击流向美国的芬太尼药物出口，并与美国分享信息，但并未具体说明将采取哪些措施及如何处罚违反禁令者。中国化学工业的规模令问题复杂化。,NYTimes,2018-12-05
台中清水兩校運動設施損壞嚴重 教部允協助改善,立法院副院長蔡其昌今天邀教育部與台中市政府教育局等單位，會勘清水區兩所國小，校內運動設施因老化或土壤液化嚴重，影響師生與居民運動安全，教育部允諾協助改善。,芋傳媒,2019-05-17
婴儿潮一代对特殊营销不买账,斯卡平克：企业曾经设想的人口老龄化所带来的销售机遇并未成真，婴儿潮一代对企业营销并不言听计从。,FT,2019-05-16
无需针头仅使用光照注射药物的设备面世,,Joins,2019-06-08
《驚奇隊長》的特效「回春術」：福瑞局長是如何變年輕的？,"去除老化，是一個既細緻又耗時的過程。特別是《驚奇隊長》中，Samuel Jackson並非只是客串，而是擔綱主要角色貫串全片；這意味著此次的減齡作業，不論是「質」還是「量」，對Lola VFX來說都會是格外艱鉅的任務。 標籤: 電影, 特效, Samuel Jackson, 驚奇隊長, Lola VFX",NewsLens,2019-06-08
杨恒均在中国遭单独关押服用不明药物,据《澳大利亚人》和澳广等媒体报道，遭中国当局以“危害国家安全”为由拘捕的澳大利亚籍作家、亲民主人士杨恒均，目前被单独关在无窗、24小时亮灯的房间，时刻受到监视。而他的好友、澳大利亚中国问题专家冯崇义教授透露，杨恒均身体出现以前从未有的状况，当局给他服用不明药物。,VOA,2019-03-31
亚裔女爱嗅洋汉臭衣服？广告被骂歧视,德国某家装零售公司最近发布的一则“春天的味道”广告，引发歧视亚裔的巨大争议。广告视频描述，几名白人男子在花园工作，随后他们脱掉带有汗臭的衣服包括内衣，交给研究人员，过后进行真空处理。镜头一转，这些白人男子沾满汗渍的脏衣服被拿到自动售卖机贩卖，一名亚洲女买下后并打开包装猛吸一口气，随后翻白眼，似乎被唤起情欲，屏幕上打出了“春天的味道”。广告一出，结果被炮轰“种族歧视”、“性别歧视”、“恶心”后，该公司则辩称广告表现的是“城市化导致生活质量下降”，不是针对亚裔，并称“广告还有白人参演版本”。社交媒体用户在推特上对这则广告做出严厉批评，有人称之为“种族主义、性别主义、反胃”。,Zaobao,2019-03-31
高齡照護經驗分享 美日英專家雲林交流,台大醫院雲林分院今天舉辦「改制 15 週年高齡照護國際研討會」，邀請美日英學者專家，分享高齡照護經驗，邁向活躍、健康、快樂、在地老化的目標。,芋傳媒,2019-03-31
日本铁人妈 照顾12孩,日本琦玉县一户姓漆山的家庭，夫妇育有6子6女。日本综艺节目最近采访了这一个14人大家庭的妈妈是如何全职上班之余，又可好好照顾12个孩子，公开了“铁人妈妈”的时间表。据悉，漆山妈妈每日清晨5时就会起床，6时多就开始为丈夫及子女准备早午两餐。7时半就会送子女上学，然后准时在9时上班。工作约11多个小时后，她一般会在晚上8时半回家，再预备14人份量的晚饭，9时左右全家人就开始吃晚饭。接着她又要开始洗衣、打扫等家务，一直至凌晨2时才会上床睡觉，由此可见她几乎每日只睡3小时左右。,Zaobao,2019-03-31
年過65歲4成有聽損 出現5大徵兆快就醫,最新報告顯示，全台年過 65 歲長者 40% 有聽損，恐影響溝通、認知功能，失智風險提高。醫師提醒，若常聽到嗡嗡聲、看電視音量大、常請他人重複對話並有耳鳴、頭暈，應立即就醫。,芋傳媒,2019-08-04
米果專欄：準備好活到一百歲了嗎？,考慮到「人間100年」的可能，日本政府開始討論是否延長退休年齡到75歲。台灣人口老化程度不比日本輕鬆，想要參選總統大位的人也該端出人間100年的政策，光是發大財的口號是不夠的。這幾年日本政府一直朝著「人間100年」的方向來思考社會政策，像戰國武將織田信長那樣唱著「人間50年」的時,風傳媒,2019-06-02
创伤后遗症会传给后代子孙吗？,人类后代子孙受到祖先遗传基因的影响，有新的研究显示，我们所受的苦难创伤或者折磨也会在他们身上留下印记。,BBC,2019-06-05
青銀共創 台中市長公館變身「不老食光」,歷史建築的台中市市長公館打造「不老食光」餐廳，3年下來，發展出一套獨特的銀髮就業工時及形態，台灣社會正面臨老化，希望能將這個模式推廣到更多企業組織中。...,PTS.org.tw,2019-06-05
發表會沒說的 iOS 13 秘密功能：慢速充電護電池,在2019蘋果開發者大會（WWDC 2019）上發表iOS 13後，官網除了說明功能細節外，也公布可更新的手機。據了解iOS 13 作業系統採用了新穎的電池充電優化功能，可通過減少設備充滿電的時間來幫助防止電池老化。這功能看似簡單，具體上如何運作呢？蘋果表示，iOS 13這項功能能夠降低電池充滿電的,NewTalk.tw,2019-06-05
因左臂骨折入院 许文远今出院,上月底跌倒骨折入院的基础建设统筹部长兼交通部长许文远，在经过手术后，今天将出院。许文远在面簿贴文中说，他曾住院过五次，他表示从中见证我国医疗服务在这几十年来的进步。他说我国过去会将本地医生送往海外受训，但这样的情况如今出现改变，反而是外国医生来本地受训。许文远也说，我国开始投资在医疗研发和转化医学（translational medicine）领域，并以新的医疗技术，设备及药物研发做出贡献。许文远说，他这次住院还使用了国家心脏中心（National Heart Centre）的心脏监测仪器Spyder。,Zaobao,2019-03-09
综述：美国2月非农就业增幅可能放缓至五个月低位 但失业率料小降,路透华盛顿3月8日 - 美国2月非农就业岗位增幅可能降至五个月低位，因前两个月和天气相关的提振作用减退，劳工较为缺乏，且金融条件趋紧开始给就业市场带来压力。,Reuters,2019-03-09
教師休寒暑假權益受衝擊？教育部不能含糊其詞,"〈寒暑假不再是「當然假期」！〉新聞會直接反饋到轉型正義後很多教師對於執政團隊的不滿，也就是執政團隊可能沒發現到年改中的延退機制可能在五年內會造成教育圈中新血減少、老化人力增加的問題。 標籤: 教師法, 休假權益, 休假日, 延退機制, 寒暑假",NewsLens,2019-03-09
高齡化社會的長照解方，可能就在「0與1」之間,"即便在現階段仍有限制，但互動式遊戲確實可以輔助正規醫療的治療，成為一項沒有壓力復健方式，研究也發現電玩遊戲可以用來治療各種心理與生理問題，提高患者的生活自理能力，融入社會活動 。 標籤: 電玩, 互動式遊戲, VR, 精神疾病, 失智症, 高齡化, 長照",NewsLens,2019-03-09
名人堂球星西佛失智 大都會將以特殊方式表揚,美國職棒紐約大都會隊（New York Mets）發言人今天宣布， 74 歲的前職棒球星西佛（Tom Seaver）被診斷罹患失智症。,芋傳媒,2019-03-09
陆思良：图书馆,每到年底，检视一年阅读过的书单，发现有相当部分的书是从图书馆借阅的，我的阅读若是有所成效，不能不归功于图书馆。本地各市镇都有图书馆，近年陆续翻新提升，打造得气派堂皇和高科技应用兼而有之；特别是还照顾到老幼需求，另辟玩耍休闲之地，所以常见这热带都市的一方清凉之地“门庭若市，人满为患”也就不足为怪了。有几回我走访牛车水唐城坊内的图书馆，那里茶几屏风书架等摆设古色古香，材质装潢风水都很考究，像高档饭店的厅堂。里面各处，几十上百个男女老少或端坐（打坐？），或闭目养神（瞌睡？），或捧本读物消遣（看手机？），也算是一道有人文内涵的室内风景。,Zaobao,2019-03-09
《死亡的臉》：長壽的最佳保證，是選擇正確的父親與母親,"科學的舞臺上出現過非常多的老化因素，我猜想它們應該都有某種程度的確實性。換句話說，老化很可能是這些因素綜合作用的結果，還要再加上另一個重要因素，我們每個人不同的個人構成要素。 標籤: 死亡的臉, 一位外科醫師的生死現場, 許爾文・努蘭, Sherwin B. Nuland, 老化, 基因, 死亡, 損耗理論",NewsLens,2019-08-09
《最高飲食法》：含有「老化禍首」AGE的食品，該如何正確烹調？,"食品中也含有AGE。因為食材裡的蛋白質及脂肪一旦與葡萄糖結合，便會產生AGE。為了不讓自己體內的AGE增加，在飲食方面有兩點要注意。 標籤: 老化現象, 葡萄糖, 氧氣, 糖化, Advanced Glycation End Products, 糖化終產物, 糖化血色素, 飲食習慣, 烹調方式, 血糖值, 最高飲食法, 牧田善二",NewsLens,2019-06-15
习近平提“一国两制”台湾方案 蔡英文回应“绝不接受”,中国国家主席习近平星期三在告台湾同胞书发表40周年纪念会上表示，一国两制是为了照顾台湾的现时情况及维护台湾同胞的利益福祉。不过，台湾总统蔡英文则回应指出，台湾绝不会接受也坚决反对一国两制。,VOA,2019-01-03
本国人才外流 外劳涌入 日媒：日本人口可能大换血,除了人口老龄化问题，日本目前也因经济萎缩导致人才严重外流。日媒认为，到了2030年，日本将出现人口大换血。届时，在日本20岁到44岁的人口中，每10个人里有一人会是外来移民。人口老化、人力不足的日本现在还得面对国人出走的问题，越来越多的日本人无法在国内获得满意的机会和待遇，积极出走，到外地找出路。在这同时，日本政府扩大引进外劳，日本好些媒体认为，到了2030年，日本将出现人口大换血。在日本20岁到44岁的人口中，每10个人里有一人会是外来移民。,Zaobao,2019-01-03
习近平倡议一国两制，蔡英文回应“绝不接受”,中国国家主席习近平星期三在告台湾同胞书发表40周年纪念会上表示，一国两制是为了照顾台湾的现时情况及维护台湾同胞的利益福祉。不过，台湾总统蔡英文则回应指出，台湾绝不会接受也坚决反对一国两制。,VOA,2019-01-03
台灣失智人口增 WHO：每週快走150分鐘可預防,據推估，截至去年底全台失智人口恐超過 28 萬人。醫師表示，根據 WHO 公布的指引，運動預防失智的效果排名第一，建議 65 歲以上長者每週快走 150 分鐘，流汗、會喘就有效。,芋傳媒,2019-08-22
美财政部认定三名中国人和一家公司为贩毒者,美国财政部8月21日宣布认定三名中国公民和一家中国公司参与国际贩毒活动。美国政府认为，这些中国毒品生产和经营者“加剧了美国阿片类药物的致命危机”。,VOA,2019-08-22
美白为何备受追捧？,"不管是使用美容霜还是香皂，不管是服用药物还是注射针剂，亚洲人和非洲人追求""美白""的脚步从未停止。但是亚洲人和非洲人这种追求浅肤色的愿望究竟从何而来呢？为什么经常会有人甚至不惜冒着风险也要追求一个“白”字呢？",DW,2019-07-14
中国2018：新生儿首次少于1500万,中国新生儿出生率继续下降，人口计生专家表示，根据部分地方公布的数据，今年人口出生数减少100至200万。换言之，新生儿可能跌破一千五百万大关，比官方预计的两千万锐减约两成半，显示中国人口老化问题正在急剧恶化。,RFA,2018-12-28
德语媒体：中美利益仍对立 明年万事皆可能,2019年世界经济前景如何？只是放缓还是会遭遇严重危机？《新德意志报》重点从中美贸易战出发分析了走势。《法兰克福汇报》指出，今年下半年，中国投资者对德国的兴趣已经明显减退。,DW,2018-12-28
尚穆根：年底关卡繁忙 单是上周逾500人员加班,当许多新加坡人年底放假时，却是关卡最繁忙的时刻。移民与关卡局不仅限制人员放假，超过500人也必须超时工作。内政部兼律政部长尚穆根今天上午巡视兀兰关卡后接受媒体访问时说，现在每天共有43万人通过兀兰和大士关卡，比平时多10%，工作人员在确保人能流动的同时也得照顾保安需求。他说，当局现在最多只允许10%的人同时放假，每天出动九成的人员，单是上个星期就要求超过500名驻守兀兰和大士的关卡的人员加班。但因为运作安全问题，他不方便透露关卡人员的具体人数。,Zaobao,2018-12-28
中国挤压下香港或掀新一轮移民潮,在1997年香港回归中国之前的几年里﹐数十万香港市民移居海外，如今有初步迹象显示﹐随着人们对公民自由、生活水平和生活质量的担忧加剧﹐新一轮移民潮可能即将到来。,WSJ,2018-12-28
男子驾车闯德国汉诺威机场被捕,一名波兰籍男子周六驾车闯进德国汉诺威机场，一轮追逐后在跑道上被警员截停和拘捕，事件中无人受伤，但航班升降延误4小时。药物测试显示被捕男子曾吸食海洛英和安非他命，初步相信事件不涉及恐袭。事发时当地时间下午3时左右，一辆挂着波兰车牌的房车撞开汉诺威机场一道闸门后，在跑道及停机坪上横冲直撞。房车行驶数百米后，在一架刚降落的希腊爱琴海航空客机下方停下，机上当时载有172人。其后，警员上前制服司机。,Zaobao,2018-12-31
李锦梅秀21岁女合照 网友惊呼：像复制人,前新传媒艺人李锦梅（45岁）早前上载与女儿照片，让网友惊呼：简直像“复制人”！连郑惠玉都留言：“跟你年轻时好像！”李锦梅在9年前与新传媒解约后，带着4个孩子移居香港当贤妻良母，隐退多年。虽然不少粉丝一直呼唤她复出拍戏，不过李锦梅似乎将全部心思都放在照顾家庭，没有复出的打算。,Zaobao,2018-12-31
图片中的2018年,回顾、展望：我们选取了即将过去的一年中最为引人注目的摄影图片。药物成瘾危机、枪支泛滥、移民的悲剧……这些照片关乎过去，更关乎未来。,NYTimes,2018-12-31
根据遗传基因 采人工智能 日本化妆品迎来“私人定制”时代,日经中文网报道，花王明年将推出根据个人肤质，定制全球独一无二化妆品的服务。化妆品牌资生堂3月开始试销人工智能系统“Optune”，用户只要以手机应用拍摄并发送皮肤图像，就可通过设在家中的专用装置配制出最合适的美容液。（东京讯）在日本，利用最新科技、根据个人喜好与体质开发专用商品的商业活动正不断扩大。生活用品公司花王将推出以遗传基因定制化妆品的服务，资生堂也在试销用人工智能（AI）解析配方的商品，化妆品的“私人定制”时代即将到来。,Zaobao,2018-12-25
掌握「三階六面」，讓退休族擁有發揮價值的第二舞台,"我們深信在「漸進式退休準備」與「學習興趣的教學設計與規劃」上，各機構、社區據點及政府單位若能發揮創意，提供退休者適性學習方案，讓有限資源做更有效的應用，將能事半功倍，讓退休族們活得更健康、更開心、更有意義。 標籤: 人口老化, 嬰兒潮世代, 退休準備, 職涯調整, 健康體本, 社會貢獻, 個人價值, 社交需求, 集體創想2033樂活島, 台中烏日中高齡學習需求調查",NewsLens,2019-05-26
他是醫師病人更是教練 推廣銀髮運動翻轉老化,今年 51 歲的康寧醫院急診科主治醫師郭健中，看著失能的岳父靠著運動一步步擺脫輪椅、拐杖，他考取健身教練，投入銀髮健身領域，不僅替老人創造回春奇蹟，也找回自己的健康。,芋傳媒,2019-05-26
交流站：为什么不能尽快换问题药物？,《联合早报》3月29日封面报道引人注目。我国卫生科学局查出，三个品牌的高血压药物氯沙坦含微量可能致癌物质。当局即刻召回这三个品牌的氯沙坦；全国约有13万7000病患受影响。,Zaobao,2019-04-02
如何保护嗓子？,我们几乎每天都会用到嗓子，因此，应好好照顾嗓子。当嗓子出问题，如经常失声，是否表示患有严重的疾病？如何保护嗓子？且听本地专科医生解析和建议。莱佛士耳鼻喉科医疗中心耳鼻喉外科医生李德宋接受《活得好》访问时说，教师、讲师、歌手、演员、小贩、律师、新闻评论员和主持人是最常面对嗓子问题的人群，因为工作时会大量使用嗓子。,Zaobao,2019-04-02
周海丽：女佣,双薪小家庭该不该请个女佣帮忙做家务的问题，最近在朋友圈当中争论不休。一方说夫妻都工作，没时间做家务，请个女佣理所当然；一方说难得享受二人世界，家里多个女佣感觉隐私被侵犯，家务宁愿自己来。其中一个朋友婚后生了两个女儿，夫妇俩工作忙碌，一早上班前就把女儿送到父母家，让父母在帮忙照顾哥哥的孩子的同时一起照顾女儿，夜里下班后又赶着把女儿接回家，几个月下来有感吃不消，也担心影响孩子的睡眠，就想不如请个女佣，但担心女佣是否会照顾好孩子，加上父母反对，这问题就这么一直悬着。夫妇俩都不敢做决定，只好自己继续劳累奔波。谈起时，他们说只好再忍几年，希望孩子上学后会轻松点。,Zaobao,2019-04-02
盗汗如何预防？,盗汗是指入睡时汗出，醒后汗即止的病理表现，多数出现在大病后或久病的患者，也可发生于妇女产后、手术后、儿童、老年人及常人过劳时。如何预防？网络流传，用红枣黑豆黃芪煮水，可治疗盗汗，是否有根据？且听本地中医师的建议。针对预防盗汗的方法，养生保健中医诊所的林丽明医师建议： 如因其他疾病(如糖尿病、更年期、癌症等)引起的盗汗，应积极治疗原发疾患。 按时作息，别熬夜，充分睡眠，劳逸结合，保持身心健康。 加强锻炼，增强体质，但不宜剧烈运动。建议练太极拳、气功、八段锦等传统健身术。 酷热环境会加重阴虚体质，引起盗汗，应尽量避免。 注意营养摄取，饮食注意寒温，避免多吃刺激性、油煎厚味及不易消化的食物。 阴虚体质的人群宜吃清凉滋润的食物，如百合、莲藕、新鲜水果蔬菜，忌油煎、烧烤食物。 放松情绪，主动创造和保持愉快的心境。 红枣黑豆黃芪水有帮助？ 网络流传，用红枣、黑豆、黃芪煮水喝，能治疗盗汗。对此，林医师解析，所用的三味药：黃芪味甘、微温，有补中健脾、益卫固表的功效；黑豆味甘，性平，有补肾益阴的功效；红枣味甘，性温，有补脾和胃、调营卫的功效。这食疗方对脾肾虚弱导致的盗汗会有些帮助，但因缺少固涩敛汗的药物，疗效不明显。要提醒的是，黃芪和红枣都偏温，只适用于阳虚盗汗脾肾虚者服用。阴虚盗汗者服后可能会加重病情。,Zaobao,2019-04-02
中国扩大芬太尼管控并怪罪美国滥用,中国4月1日星期一表示将把一切芬太尼类的药物当作管制物质进行管控。这是美国长时间以来为阻止致命性的阿片类药物从中国流入美国所提出的主张。,VOA,2019-04-02
温伟中：百年如何树人？,百年该如何树人？终身不离不弃地“步步追踪”，有考虑到“树木”的感受和倾向吗？是给树木发展空间，还是施加压力打击？暴雨初歇后、烟花汇演前，华中百年钟楼下万人宴帐篷里，83岁的华中初级学院（已改名为华中高中部）前院长梁环清以华英语回答走下舞台的主持人说，她最看重的（my top priority）是照顾师生的福利，包括学生的营养、食堂是否干净。,Zaobao,2019-03-24
李总理：四年来每年超过90亿元难持续 须做艰难抉择应对日增医疗开支,李总理说，政府医疗开支增长速度比国内生产总值还快，未来势必继续攀升，这终究是不可持续的，因此须在中期内寻找新方法应付开支，并改善医疗体系。政府的医疗开支持续攀升，过去四年每年都超过90亿元，李显龙总理说，这终究是不可持续的，新加坡须在中期内寻找新方法应付开支，同时思考须花费在哪些方面，哪些药物与疗程具成本效益。,Zaobao,2019-03-24
